,Acousticness,Danceability,Energy,Genre,Instrumentalness,Loudness,Popularity,Spotify_Popularity,Tempo,Valence,Year,Annual_Unemployment,Annual_Unemployment_Normalized
0,,,,Alternative rock,,,0.0,,,,1941,,
1,0.6755,0.5885,0.45,Blues music,0.00797,-11.6675,0.027397260274,17.5,136.6465,0.662,1941,,
2,0.869,0.648,0.222,Country music,7.25e-06,-14.1245,0.027397260274,23.0,121.315,0.6125,1941,,
3,,,,Electronic music,,,0.0,,,,1941,,
4,0.61449,0.44175,0.4655,Fusion music,0.43825,-9.9125,0.0547945205479,14.75,108.98025,0.356875,1941,,
5,,,,Gospel music,,,0.0,,,,1941,,
6,,,,Heavy metal,,,0.0,,,,1941,,
7,,,,Hip hop,,,0.0,,,,1941,,
8,,,,House music,,,0.0,,,,1941,,
9,0.859019607843,0.483725490196,0.249633333333,Jazz,0.314075679608,-13.6359803922,0.698630136986,14.1176470588,107.925960784,0.429305882353,1941,,
10,0.881,0.369,0.545,Latin music,0.0125,-11.275,0.013698630137,2.0,103.091,0.466,1941,,
11,,,,Polka,,,0.0,,,,1941,,
12,0.90725,0.5120125,0.3496,Pop music,0.19782605,-11.669625,0.109589041096,12.875,104.55625,0.491375,1941,,
13,,,,Punk rock,,,0.0,,,,1941,,
14,,,,Reggae,,,0.0,,,,1941,,
15,0.931,0.629,0.326333333333,Rock music,0.294668636667,-15.586,0.0684931506849,0.333333333333,101.906333333,0.761,1941,,
16,,,,World music,,,0.0,,,,1941,,
17,,,,Alternative rock,,,0.0,,,,1943,,
18,,,,Blues music,,,0.0,,,,1943,,
19,0.9615,0.6035,0.09755,Country music,1.61e-05,-13.079,0.0555555555556,0.5,142.0865,0.5525,1943,,
20,,,,Electronic music,,,0.0,,,,1943,,
21,,,,Fusion music,,,0.0,,,,1943,,
22,,,,Gospel music,,,0.0,,,,1943,,
23,,,,Heavy metal,,,0.0,,,,1943,,
24,,,,Hip hop,,,0.0,,,,1943,,
25,,,,House music,,,0.0,,,,1943,,
26,0.936304347826,0.487173913043,0.200982608696,Jazz,0.237562453478,-13.3922608696,0.638888888889,15.7391304348,113.888347826,0.408482608696,1943,,
27,,,,Latin music,,,0.0,,,,1943,,
28,,,,Polka,,,0.0,,,,1943,,
29,0.912777777778,0.466,0.156,Pop music,0.00948698333333,-15.2962222222,0.25,14.8888888889,119.891555556,0.400666666667,1943,,
30,,,,Punk rock,,,0.0,,,,1943,,
31,,,,Reggae,,,0.0,,,,1943,,
32,0.803,0.476,0.4985,Rock music,0.2504,-8.744,0.0555555555556,25.0,126.142,0.662,1943,,
33,,,,World music,,,0.0,,,,1943,,
34,0.971,0.718,0.26,Alternative rock,0.205,-13.255,0.027027027027,2.0,163.929,0.795,1944,,
35,0.916,0.791,0.336,Blues music,1.47e-06,-10.133,0.027027027027,13.0,116.882,0.74,1944,,
36,0.811,0.394,0.311,Country music,0.0312,-8.91,0.027027027027,6.0,154.335,0.226,1944,,
37,,,,Electronic music,,,0.0,,,,1944,,
38,,,,Fusion music,,,0.0,,,,1944,,
39,,,,Gospel music,,,0.0,,,,1944,,
40,,,,Heavy metal,,,0.0,,,,1944,,
41,,,,Hip hop,,,0.0,,,,1944,,
42,,,,House music,,,0.0,,,,1944,,
43,0.841304347826,0.45,0.23977826087,Jazz,0.0982413578261,-14.4828695652,0.621621621622,16.9130434783,118.349782609,0.405717391304,1944,,
44,,,,Latin music,,,0.0,,,,1944,,
45,,,,Polka,,,0.0,,,,1944,,
46,0.8928,0.474,0.2196,Pop music,0.00663199,-13.0267,0.27027027027,18.4,126.6534,0.4994,1944,,
47,,,,Punk rock,,,0.0,,,,1944,,
48,,,,Reggae,,,0.0,,,,1944,,
49,0.091,0.538,0.781,Rock music,0.000204,-4.576,0.027027027027,27.0,118.329,0.812,1944,,
50,,,,World music,,,0.0,,,,1944,,
51,0.982,0.302,0.0964,Alternative rock,0.104,-16.759,0.0133333333333,1.0,133.649,0.177,1945,,
52,0.993,0.436,0.606,Blues music,0.812,-15.397,0.0266666666667,10.0,167.011,0.958,1945,,
53,0.5544,0.5516,0.3554,Country music,0.000143114,-10.9428,0.0666666666667,10.2,123.7974,0.67784,1945,,
54,,,,Electronic music,,,0.0,,,,1945,,
55,0.9645,0.5335,0.29625,Fusion music,0.239115,-14.33925,0.0533333333333,7.5,113.5805,0.56625,1945,,
56,,,,Gospel music,,,0.0,,,,1945,,
57,0.988,0.269,0.0171,Heavy metal,0.918,-31.892,0.0133333333333,38.0,148.437,0.0749,1945,,
58,,,,Hip hop,,,0.0,,,,1945,,
59,,,,House music,,,0.0,,,,1945,,
60,0.859421052632,0.512078947368,0.272776315789,Jazz,0.129381983947,-13.1172105263,0.506666666667,15.1052631579,112.192236842,0.517657894737,1945,,
61,,,,Latin music,,,0.0,,,,1945,,
62,,,,Polka,,,0.0,,,,1945,,
63,0.847229166667,0.487208333333,0.221145833333,Pop music,0.0612024675,-13.5837916667,0.32,11.75,107.5605,0.4433125,1945,,
64,,,,Punk rock,,,0.0,,,,1945,,
65,,,,Reggae,,,0.0,,,,1945,,
66,,,,Rock music,,,0.0,,,,1945,,
67,,,,World music,,,0.0,,,,1945,,
68,0.94,0.331,0.0901,Alternative rock,0.0,-18.921,0.0212765957447,23.0,122.16,0.251,1946,,
69,0.979,0.744,0.115,Blues music,0.0,-15.603,0.0212765957447,8.0,74.508,0.36,1946,,
70,,,,Country music,,,0.0,,,,1946,,
71,,,,Electronic music,,,0.0,,,,1946,,
72,,,,Fusion music,,,0.0,,,,1946,,
73,,,,Gospel music,,,0.0,,,,1946,,
74,,,,Heavy metal,,,0.0,,,,1946,,
75,,,,Hip hop,,,0.0,,,,1946,,
76,,,,House music,,,0.0,,,,1946,,
77,0.90692,0.44824,0.169996,Jazz,0.0125824448,-14.4516,0.531914893617,10.8,98.67392,0.38896,1946,,
78,,,,Latin music,,,0.0,,,,1946,,
79,,,,Polka,,,0.0,,,,1946,,
80,0.856285714286,0.496714285714,0.240457142857,Pop music,0.103301557143,-12.8309285714,0.297872340426,13.6428571429,106.100357143,0.490571428571,1946,,
81,,,,Punk rock,,,0.0,,,,1946,,
82,,,,Reggae,,,0.0,,,,1946,,
83,0.803,0.587666666667,0.253166666667,Rock music,0.002025,-13.1886666667,0.127659574468,13.5,126.975,0.431166666667,1946,,
84,,,,World music,,,0.0,,,,1946,,
85,0.928,0.36,0.102,Alternative rock,0.198,-17.803,0.0263157894737,42.0,80.929,0.0699,1947,,
86,0.781,0.66,0.449,Blues music,0.0,-9.563,0.0263157894737,9.0,150.948,0.489,1947,,
87,0.748,0.653,0.716,Country music,0.0,-7.443,0.0263157894737,27.0,124.51,0.87,1947,,
88,,,,Electronic music,,,0.0,,,,1947,,
89,,,,Fusion music,,,0.0,,,,1947,,
90,,,,Gospel music,,,0.0,,,,1947,,
91,,,,Heavy metal,,,0.0,,,,1947,,
92,,,,Hip hop,,,0.0,,,,1947,,
93,,,,House music,,,0.0,,,,1947,,
94,0.886411764706,0.509,0.210217647059,Jazz,0.0245157382353,-14.168,0.473684210526,11.0,99.7764117647,0.502647058824,1947,,
95,,,,Latin music,,,0.0,,,,1947,,
96,0.655,0.791,0.507,Polka,0.0,-10.726,0.0263157894737,11.0,125.491,0.965,1947,,
97,0.950166666667,0.390583333333,0.233966666667,Pop music,0.121887321667,-12.27775,0.315789473684,11.0,93.60025,0.37475,1947,,
98,,,,Punk rock,,,0.0,,,,1947,,
99,,,,Reggae,,,0.0,,,,1947,,
100,0.4844635,0.4955,0.561,Rock music,0.033255075,-11.1685,0.105263157895,32.5,135.90725,0.624,1947,,
101,,,,World music,,,0.0,,,,1947,,
102,0.491,0.493,0.483,Alternative rock,0.0207,-10.987,0.030303030303,54.0,94.992,0.214,1948,3.8,-1.3
103,,,,Blues music,,,0.0,,,,1948,3.8,-1.3
104,0.988,0.382,0.0453,Country music,8.82e-05,-19.463,0.030303030303,3.0,75.202,0.197,1948,3.8,-1.3
105,,,,Electronic music,,,0.0,,,,1948,3.8,-1.3
106,,,,Fusion music,,,0.0,,,,1948,3.8,-1.3
107,,,,Gospel music,,,0.0,,,,1948,3.8,-1.3
108,,,,Heavy metal,,,0.0,,,,1948,3.8,-1.3
109,,,,Hip hop,,,0.0,,,,1948,3.8,-1.3
110,,,,House music,,,0.0,,,,1948,3.8,-1.3
111,0.765111111111,0.523333333333,0.350572222222,Jazz,0.195819417222,-12.3521666667,0.545454545455,14.2777777778,122.708444444,0.541555555556,1948,3.8,-1.3
112,,,,Latin music,,,0.0,,,,1948,3.8,-1.3
113,0.655,0.791,0.507,Polka,0.0,-10.726,0.030303030303,11.0,125.491,0.965,1948,3.8,-1.3
114,0.9068,0.3494,0.20166,Pop music,0.18092436,-13.9128,0.30303030303,4.9,119.4792,0.4108,1948,3.8,-1.3
115,,,,Punk rock,,,0.0,,,,1948,3.8,-1.3
116,,,,Reggae,,,0.0,,,,1948,3.8,-1.3
117,0.554,0.682,0.227,Rock music,2.175e-05,-15.048,0.0606060606061,16.0,118.741,0.6235,1948,3.8,-1.3
118,,,,World music,,,0.0,,,,1948,3.8,-1.3
119,,,,Alternative rock,,,0.0,,,,1949,6.1,0.1
120,,,,Blues music,,,0.0,,,,1949,6.1,0.1
121,,,,Country music,,,0.0,,,,1949,6.1,0.1
122,,,,Electronic music,,,0.0,,,,1949,6.1,0.1
123,,,,Fusion music,,,0.0,,,,1949,6.1,0.1
124,,,,Gospel music,,,0.0,,,,1949,6.1,0.1
125,,,,Heavy metal,,,0.0,,,,1949,6.1,0.1
126,,,,Hip hop,,,0.0,,,,1949,6.1,0.1
127,0.0351,0.807,0.424,House music,0.878,-9.221,0.0357142857143,36.0,120.007,0.331,1949,6.1,0.1
128,0.688591666667,0.465833333333,0.350258333333,Jazz,0.0058775625,-10.9040833333,0.464285714286,12.3333333333,132.785666667,0.554925,1949,6.1,0.1
129,,,,Latin music,,,0.0,,,,1949,6.1,0.1
130,,,,Polka,,,0.0,,,,1949,6.1,0.1
131,0.867384615385,0.393230769231,0.2293,Pop music,0.0371860007692,-12.9443846154,0.464285714286,11.3076923077,114.711153846,0.351461538462,1949,6.1,0.1
132,,,,Punk rock,,,0.0,,,,1949,6.1,0.1
133,,,,Reggae,,,0.0,,,,1949,6.1,0.1
134,0.87,0.0899,0.444,Rock music,0.00548,-9.748,0.0357142857143,49.0,67.232,0.153,1949,6.1,0.1
135,,,,World music,,,0.0,,,,1949,6.1,0.1
136,,,,Alternative rock,,,0.0,,,,1950,5.2,-0.4
137,0.851,0.382,0.348,Blues music,0.902,-12.306,0.037037037037,11.0,73.265,0.863,1950,5.2,-0.4
138,0.467233333333,0.691333333333,0.446,Country music,0.00185566,-11.8526666667,0.111111111111,19.3333333333,137.240333333,0.791,1950,5.2,-0.4
139,,,,Electronic music,,,0.0,,,,1950,5.2,-0.4
140,,,,Fusion music,,,0.0,,,,1950,5.2,-0.4
141,,,,Gospel music,,,0.0,,,,1950,5.2,-0.4
142,,,,Heavy metal,,,0.0,,,,1950,5.2,-0.4
143,0.848,0.537,0.592,Hip hop,0.0,-14.261,0.037037037037,0.0,83.202,0.387,1950,5.2,-0.4
144,,,,House music,,,0.0,,,,1950,5.2,-0.4
145,0.802075,0.3745,0.264625,Jazz,0.2577916275,-12.626375,0.296296296296,13.75,107.522375,0.338625,1950,5.2,-0.4
146,,,,Latin music,,,0.0,,,,1950,5.2,-0.4
147,,,,Polka,,,0.0,,,,1950,5.2,-0.4
148,0.794923076923,0.514376923077,0.374538461538,Pop music,0.000510907692308,-9.94276923077,0.481481481481,15.9230769231,120.199,0.609769230769,1950,5.2,-0.4
149,,,,Punk rock,,,0.0,,,,1950,5.2,-0.4
150,,,,Reggae,,,0.0,,,,1950,5.2,-0.4
151,0.753,0.611,0.319,Rock music,0.0,-15.888,0.037037037037,8.0,167.563,0.722,1950,5.2,-0.4
152,,,,World music,,,0.0,,,,1950,5.2,-0.4
153,,,,Alternative rock,,,0.0,,,,1951,3.3,-1.6
154,,,,Blues music,,,0.0,,,,1951,3.3,-1.6
155,,,,Country music,,,0.0,,,,1951,3.3,-1.6
156,,,,Electronic music,,,0.0,,,,1951,3.3,-1.6
157,,,,Fusion music,,,0.0,,,,1951,3.3,-1.6
158,,,,Gospel music,,,0.0,,,,1951,3.3,-1.6
159,,,,Heavy metal,,,0.0,,,,1951,3.3,-1.6
160,,,,Hip hop,,,0.0,,,,1951,3.3,-1.6
161,,,,House music,,,0.0,,,,1951,3.3,-1.6
162,0.920090909091,0.344272727273,0.261090909091,Jazz,0.00280765272727,-12.4481818182,0.407407407407,22.0,129.065272727,0.422818181818,1951,3.3,-1.6
163,,,,Latin music,,,0.0,,,,1951,3.3,-1.6
164,,,,Polka,,,0.0,,,,1951,3.3,-1.6
165,0.843214285714,0.534357142857,0.335407142857,Pop music,0.0273762285714,-11.7537142857,0.518518518519,12.3571428571,117.006071429,0.5935,1951,3.3,-1.6
166,,,,Punk rock,,,0.0,,,,1951,3.3,-1.6
167,,,,Reggae,,,0.0,,,,1951,3.3,-1.6
168,0.867,0.3925,0.171,Rock music,7.45e-07,-13.4845,0.0740740740741,12.0,126.9355,0.447,1951,3.3,-1.6
169,,,,World music,,,0.0,,,,1951,3.3,-1.6
170,,,,Alternative rock,,,0.0,,,,1952,3.0,-1.7
171,,,,Blues music,,,0.0,,,,1952,3.0,-1.7
172,0.523,0.853,0.295,Country music,0.0,-11.384,0.0344827586207,3.0,127.448,0.842,1952,3.0,-1.7
173,,,,Electronic music,,,0.0,,,,1952,3.0,-1.7
174,,,,Fusion music,,,0.0,,,,1952,3.0,-1.7
175,,,,Gospel music,,,0.0,,,,1952,3.0,-1.7
176,,,,Heavy metal,,,0.0,,,,1952,3.0,-1.7
177,0.00704,0.832,0.636,Hip hop,2.02e-05,-8.146,0.0344827586207,14.0,149.062,0.335,1952,3.0,-1.7
178,,,,House music,,,0.0,,,,1952,3.0,-1.7
179,0.833166666667,0.524833333333,0.35,Jazz,0.0,-11.4138333333,0.206896551724,17.6666666667,103.555666667,0.6045,1952,3.0,-1.7
180,,,,Latin music,,,0.0,,,,1952,3.0,-1.7
181,,,,Polka,,,0.0,,,,1952,3.0,-1.7
182,0.842176470588,0.448294117647,0.247382352941,Pop music,0.111821151765,-14.0315294118,0.586206896552,13.3529411765,108.873058824,0.415588235294,1952,3.0,-1.7
183,,,,Punk rock,,,0.0,,,,1952,3.0,-1.7
184,,,,Reggae,,,0.0,,,,1952,3.0,-1.7
185,0.485805,0.55725,0.4445,Rock music,0.00300575,-10.096,0.137931034483,62.75,140.38125,0.43075,1952,3.0,-1.7
186,,,,World music,,,0.0,,,,1952,3.0,-1.7
187,,,,Alternative rock,,,0.0,,,,1953,2.9,-1.8
188,,,,Blues music,,,0.0,,,,1953,2.9,-1.8
189,,,,Country music,,,0.0,,,,1953,2.9,-1.8
190,,,,Electronic music,,,0.0,,,,1953,2.9,-1.8
191,,,,Fusion music,,,0.0,,,,1953,2.9,-1.8
192,,,,Gospel music,,,0.0,,,,1953,2.9,-1.8
193,,,,Heavy metal,,,0.0,,,,1953,2.9,-1.8
194,,,,Hip hop,,,0.0,,,,1953,2.9,-1.8
195,,,,House music,,,0.0,,,,1953,2.9,-1.8
196,0.8818,0.5102,0.3514,Jazz,0.220402014,-13.6258,0.178571428571,27.2,101.304,0.4694,1953,2.9,-1.8
197,,,,Latin music,,,0.0,,,,1953,2.9,-1.8
198,,,,Polka,,,0.0,,,,1953,2.9,-1.8
199,0.841105263158,0.466894736842,0.219278947368,Pop music,0.0532260710526,-13.1790526316,0.678571428571,13.0526315789,98.738,0.375268421053,1953,2.9,-1.8
200,,,,Punk rock,,,0.0,,,,1953,2.9,-1.8
201,,,,Reggae,,,0.0,,,,1953,2.9,-1.8
202,0.737,0.407,0.31825,Rock music,0.568275,-11.8415,0.142857142857,9.25,99.212,0.385775,1953,2.9,-1.8
203,,,,World music,,,0.0,,,,1953,2.9,-1.8
204,,,,Alternative rock,,,0.0,,,,1954,5.6,-0.1
205,,,,Blues music,,,0.0,,,,1954,5.6,-0.1
206,,,,Country music,,,0.0,,,,1954,5.6,-0.1
207,,,,Electronic music,,,0.0,,,,1954,5.6,-0.1
208,,,,Fusion music,,,0.0,,,,1954,5.6,-0.1
209,,,,Gospel music,,,0.0,,,,1954,5.6,-0.1
210,,,,Heavy metal,,,0.0,,,,1954,5.6,-0.1
211,,,,Hip hop,,,0.0,,,,1954,5.6,-0.1
212,,,,House music,,,0.0,,,,1954,5.6,-0.1
213,0.820909090909,0.382,0.347618181818,Jazz,0.00329064909091,-12.0289090909,0.379310344828,22.4545454545,92.8398181818,0.427363636364,1954,5.6,-0.1
214,,,,Latin music,,,0.0,,,,1954,5.6,-0.1
215,,,,Polka,,,0.0,,,,1954,5.6,-0.1
216,0.732444444444,0.537388888889,0.314016666667,Pop music,0.0229894094444,-11.2267222222,0.620689655172,21.8333333333,99.0916666667,0.579777777778,1954,5.6,-0.1
217,,,,Punk rock,,,0.0,,,,1954,5.6,-0.1
218,,,,Reggae,,,0.0,,,,1954,5.6,-0.1
219,,,,Rock music,,,0.0,,,,1954,5.6,-0.1
220,,,,World music,,,0.0,,,,1954,5.6,-0.1
221,,,,Alternative rock,,,0.0,,,,1955,4.4,-0.9
222,,,,Blues music,,,0.0,,,,1955,4.4,-0.9
223,0.6796,0.6318,0.25848,Country music,0.0,-14.752,0.185185185185,30.0,109.0648,0.612,1955,4.4,-0.9
224,,,,Electronic music,,,0.0,,,,1955,4.4,-0.9
225,,,,Fusion music,,,0.0,,,,1955,4.4,-0.9
226,,,,Gospel music,,,0.0,,,,1955,4.4,-0.9
227,,,,Heavy metal,,,0.0,,,,1955,4.4,-0.9
228,,,,Hip hop,,,0.0,,,,1955,4.4,-0.9
229,,,,House music,,,0.0,,,,1955,4.4,-0.9
230,0.55025,0.48825,0.359625,Jazz,0.1979625,-14.1345,0.148148148148,26.25,108.8365,0.6525,1955,4.4,-0.9
231,,,,Latin music,,,0.0,,,,1955,4.4,-0.9
232,,,,Polka,,,0.0,,,,1955,4.4,-0.9
233,0.790125,0.50010625,0.384875,Pop music,0.007634328125,-10.8840625,0.592592592593,18.5625,115.659875,0.5625,1955,4.4,-0.9
234,,,,Punk rock,,,0.0,,,,1955,4.4,-0.9
235,,,,Reggae,,,0.0,,,,1955,4.4,-0.9
236,0.573,0.293,0.2845,Rock music,0.31145,-10.952,0.0740740740741,18.0,100.634,0.233,1955,4.4,-0.9
237,,,,World music,,,0.0,,,,1955,4.4,-0.9
238,0.49827,0.4835,0.521,Alternative rock,0.000406,-8.855,0.0212765957447,22.0,140.9625,0.5725,1956,4.1,-1.0
239,0.7455,0.529,0.558,Blues music,0.00036795,-7.9265,0.0425531914894,29.5,117.70825,0.881,1956,4.1,-1.0
240,0.708786,0.537,0.3572,Country music,0.2022264,-13.5396,0.0531914893617,23.8,113.6068,0.342,1956,4.1,-1.0
241,,,,Electronic music,,,0.0,,,,1956,4.1,-1.0
242,0.5342,0.588,0.514,Fusion music,0.039204348,-9.0866,0.0531914893617,22.8,112.92,0.713,1956,4.1,-1.0
243,,,,Gospel music,,,0.0,,,,1956,4.1,-1.0
244,,,,Heavy metal,,,0.0,,,,1956,4.1,-1.0
245,0.831,0.507,0.766,Hip hop,4.32e-06,-10.634,0.0106382978723,3.0,98.598,0.726,1956,4.1,-1.0
246,,,,House music,,,0.0,,,,1956,4.1,-1.0
247,0.709902666667,0.488533333333,0.391293333333,Jazz,0.151377306667,-11.5598666667,0.159574468085,14.7333333333,115.195933333,0.564666666667,1956,4.1,-1.0
248,,,,Latin music,,,0.0,,,,1956,4.1,-1.0
249,,,,Polka,,,0.0,,,,1956,4.1,-1.0
250,0.7833564,0.47118,0.3646,Pop music,0.0566473244,-11.12468,0.531914893617,15.86,119.4572,0.53998,1956,4.1,-1.0
251,0.000303,0.337,0.599,Punk rock,0.476,-12.01,0.0106382978723,29.0,197.484,0.96,1956,4.1,-1.0
252,,,,Reggae,,,0.0,,,,1956,4.1,-1.0
253,0.675454545455,0.529090909091,0.443454545455,Rock music,0.0404200927273,-10.2057272727,0.117021276596,41.7272727273,107.512818182,0.6271,1956,4.1,-1.0
254,,,,World music,,,0.0,,,,1956,4.1,-1.0
255,0.94,0.415,0.132,Alternative rock,0.137,-18.839,0.010752688172,50.0,169.006,0.118,1957,4.3,-0.9
256,0.660428571429,0.612571428571,0.556857142857,Blues music,0.04781297,-9.75585714286,0.0752688172043,34.2857142857,120.790571429,0.802428571429,1957,4.3,-0.9
257,0.762714285714,0.524142857143,0.345857142857,Country music,0.0251300028571,-12.0661428571,0.0752688172043,21.5714285714,108.869,0.469571428571,1957,4.3,-0.9
258,,,,Electronic music,,,0.0,,,,1957,4.3,-0.9
259,0.694375,0.589375,0.6055,Fusion music,0.09616028125,-9.661625,0.0860215053763,20.375,126.234375,0.827125,1957,4.3,-0.9
260,0.556,0.201,0.376,Gospel music,0.0,-14.658,0.010752688172,26.0,90.702,0.219,1957,4.3,-0.9
261,,,,Heavy metal,,,0.0,,,,1957,4.3,-0.9
262,,,,Hip hop,,,0.0,,,,1957,4.3,-0.9
263,,,,House music,,,0.0,,,,1957,4.3,-0.9
264,0.601366666667,0.571111111111,0.483555555556,Jazz,0.0006434,-11.1833333333,0.0967741935484,27.2222222222,104.751888889,0.741,1957,4.3,-0.9
265,0.919,0.201,0.152,Latin music,0.806,-22.323,0.010752688172,2.0,130.234,0.289,1957,4.3,-0.9
266,,,,Polka,,,0.0,,,,1957,4.3,-0.9
267,0.714363636364,0.529927272727,0.410613636364,Pop music,0.0506982686364,-11.5001590909,0.483870967742,19.3409090909,128.959772727,0.664075,1957,4.3,-0.9
268,,,,Punk rock,,,0.0,,,,1957,4.3,-0.9
269,,,,Reggae,,,0.0,,,,1957,4.3,-0.9
270,0.674538461538,0.604,0.582046153846,Rock music,0.0190205346154,-9.87646153846,0.139784946237,32.1538461538,114.162076923,0.7837,1957,4.3,-0.9
271,0.665,0.615,0.53,World music,0.954,-10.942,0.010752688172,10.0,159.133,0.862,1957,4.3,-0.9
272,,,,Alternative rock,,,0.0,,,,1958,6.8,0.6
273,0.558333333333,0.682833333333,0.532666666667,Blues music,5.65183333333e-05,-10.1276666667,0.0652173913043,15.5,116.246166667,0.818166666667,1958,6.8,0.6
274,0.71025,0.6025,0.513,Country music,0.0047584525,-9.77625,0.0434782608696,22.75,122.961,0.6695,1958,6.8,0.6
275,,,,Electronic music,,,0.0,,,,1958,6.8,0.6
276,0.698857142857,0.566714285714,0.662428571429,Fusion music,0.120503854286,-9.197,0.0760869565217,25.7142857143,138.481285714,0.787428571429,1958,6.8,0.6
277,,,,Gospel music,,,0.0,,,,1958,6.8,0.6
278,,,,Heavy metal,,,0.0,,,,1958,6.8,0.6
279,,,,Hip hop,,,0.0,,,,1958,6.8,0.6
280,,,,House music,,,0.0,,,,1958,6.8,0.6
281,0.504571428571,0.640571428571,0.5608,Jazz,0.114906062857,-11.0194285714,0.0869565217391,40.0,113.683571429,0.749714285714,1958,6.8,0.6
282,,,,Latin music,,,0.0,,,,1958,6.8,0.6
283,,,,Polka,,,0.0,,,,1958,6.8,0.6
284,0.69264375,0.541583333333,0.42991875,Pop music,0.07071104125,-10.99525,0.608695652174,23.2916666667,113.15725,0.630058333333,1958,6.8,0.6
285,,,,Punk rock,,,0.0,,,,1958,6.8,0.6
286,,,,Reggae,,,0.0,,,,1958,6.8,0.6
287,0.804555555556,0.578111111111,0.509,Rock music,0.120202023333,-10.8935555556,0.119565217391,30.2222222222,123.336555556,0.716455555556,1958,6.8,0.6
288,,,,World music,,,0.0,,,,1958,6.8,0.6
289,,,,Alternative rock,,,0.0,,,,1959,5.5,-0.2
290,0.735888888889,0.496777777778,0.456777777778,Blues music,0.000815233333333,-10.6306666667,0.105882352941,23.7777777778,111.492555556,0.719,1959,5.5,-0.2
291,0.8118,0.4776,0.4296,Country music,0.1082,-12.4986,0.0588235294118,21.2,136.46,0.5438,1959,5.5,-0.2
292,,,,Electronic music,,,0.0,,,,1959,5.5,-0.2
293,0.8075,0.5755,0.56675,Fusion music,0.09378175,-11.60475,0.0470588235294,6.5,127.03475,0.855,1959,5.5,-0.2
294,,,,Gospel music,,,0.0,,,,1959,5.5,-0.2
295,,,,Heavy metal,,,0.0,,,,1959,5.5,-0.2
296,0.114,0.589,0.477,Hip hop,0.0,-10.414,0.0117647058824,22.0,119.963,0.473,1959,5.5,-0.2
297,,,,House music,,,0.0,,,,1959,5.5,-0.2
298,0.60924375,0.5556875,0.537625,Jazz,0.103129448125,-9.6186875,0.188235294118,28.1875,127.228375,0.7188125,1959,5.5,-0.2
299,,,,Latin music,,,0.0,,,,1959,5.5,-0.2
300,,,,Polka,,,0.0,,,,1959,5.5,-0.2
301,0.693091891892,0.529324324324,0.434735135135,Pop music,0.0315878410811,-11.3267027027,0.435294117647,24.1891891892,117.236945946,0.650216216216,1959,5.5,-0.2
302,,,,Punk rock,,,0.0,,,,1959,5.5,-0.2
303,,,,Reggae,,,0.0,,,,1959,5.5,-0.2
304,0.626253846154,0.486769230769,0.582846153846,Rock music,0.248234606154,-9.44507692308,0.152941176471,23.6153846154,127.023923077,0.594923076923,1959,5.5,-0.2
305,,,,World music,,,0.0,,,,1959,5.5,-0.2
306,,,,Alternative rock,,,0.0,,,,1960,5.5,-0.2
307,0.55675,0.588,0.57725,Blues music,7.095e-06,-6.783,0.043956043956,31.25,118.7885,0.819,1960,5.5,-0.2
308,0.759111111111,0.580333333333,0.394888888889,Country music,0.000659713333333,-12.4323333333,0.0989010989011,27.7777777778,103.592555556,0.570777777778,1960,5.5,-0.2
309,,,,Electronic music,,,0.0,,,,1960,5.5,-0.2
310,0.600714285714,0.532285714286,0.531714285714,Fusion music,4.10757142857e-05,-9.58685714286,0.0769230769231,16.4285714286,107.184,0.708571428571,1960,5.5,-0.2
311,,,,Gospel music,,,0.0,,,,1960,5.5,-0.2
312,,,,Heavy metal,,,0.0,,,,1960,5.5,-0.2
313,,,,Hip hop,,,0.0,,,,1960,5.5,-0.2
314,,,,House music,,,0.0,,,,1960,5.5,-0.2
315,0.759090909091,0.591181818182,0.482,Jazz,0.0408076690909,-10.7965454545,0.120879120879,32.3636363636,121.082181818,0.688272727273,1960,5.5,-0.2
316,,,,Latin music,,,0.0,,,,1960,5.5,-0.2
317,,,,Polka,,,0.0,,,,1960,5.5,-0.2
318,0.615628076923,0.509730769231,0.459288461538,Pop music,0.0405064130769,-10.6108269231,0.571428571429,22.7884615385,116.014576923,0.666461538462,1960,5.5,-0.2
319,,,,Punk rock,,,0.0,,,,1960,5.5,-0.2
320,,,,Reggae,,,0.0,,,,1960,5.5,-0.2
321,0.5557375,0.483,0.65475,Rock music,0.35971358,-9.62625,0.0879120879121,26.875,122.925875,0.718625,1960,5.5,-0.2
322,,,,World music,,,0.0,,,,1960,5.5,-0.2
323,0.833,0.479,0.52,Alternative rock,0.911,-12.423,0.0116279069767,22.0,82.024,0.96,1961,6.7,0.5
324,0.656142857143,0.680714285714,0.569428571429,Blues music,0.126562571429,-8.19571428571,0.0813953488372,26.8571428571,121.169857143,0.859142857143,1961,6.7,0.5
325,0.589375,0.53775,0.4208625,Country music,0.07165393875,-13.11825,0.093023255814,26.375,136.01775,0.691375,1961,6.7,0.5
326,,,,Electronic music,,,0.0,,,,1961,6.7,0.5
327,0.486957142857,0.613571428571,0.599142857143,Fusion music,0.3695469,-11.2777142857,0.0813953488372,10.7142857143,108.953857143,0.848857142857,1961,6.7,0.5
328,,,,Gospel music,,,0.0,,,,1961,6.7,0.5
329,,,,Heavy metal,,,0.0,,,,1961,6.7,0.5
330,,,,Hip hop,,,0.0,,,,1961,6.7,0.5
331,,,,House music,,,0.0,,,,1961,6.7,0.5
332,0.589533333333,0.5762,0.437066666667,Jazz,0.0586987006667,-10.6974666667,0.174418604651,34.2666666667,131.4698,0.702933333333,1961,6.7,0.5
333,,,,Latin music,,,0.0,,,,1961,6.7,0.5
334,,,,Polka,,,0.0,,,,1961,6.7,0.5
335,0.62166165,0.514275,0.462675,Pop music,0.0592586275,-10.454,0.476744186047,23.375,116.4908,0.6075,1961,6.7,0.5
336,,,,Punk rock,,,0.0,,,,1961,6.7,0.5
337,,,,Reggae,,,0.0,,,,1961,6.7,0.5
338,0.764428571429,0.507571428571,0.431385714286,Rock music,0.3121154,-14.092,0.0813953488372,31.5714285714,116.237285714,0.688714285714,1961,6.7,0.5
339,,,,World music,,,0.0,,,,1961,6.7,0.5
340,,,,Alternative rock,,,0.0,,,,1962,5.6,-0.2
341,0.7048,0.6242,0.4328,Blues music,0.025830206,-10.2478,0.0549450549451,26.4,105.2326,0.7794,1962,5.6,-0.2
342,0.7144,0.6648,0.4474,Country music,4.88e-06,-12.3222,0.0549450549451,16.2,135.8902,0.7506,1962,5.6,-0.2
343,,,,Electronic music,,,0.0,,,,1962,5.6,-0.2
344,0.35972,0.68,0.6522,Fusion music,0.3624,-8.3228,0.0549450549451,10.4,103.5422,0.8362,1962,5.6,-0.2
345,,,,Gospel music,,,0.0,,,,1962,5.6,-0.2
346,,,,Heavy metal,,,0.0,,,,1962,5.6,-0.2
347,,,,Hip hop,,,0.0,,,,1962,5.6,-0.2
348,,,,House music,,,0.0,,,,1962,5.6,-0.2
349,0.659473684211,0.580473684211,0.466578947368,Jazz,0.162415877368,-10.6754736842,0.208791208791,31.9473684211,127.470894737,0.676263157895,1962,5.6,-0.2
350,,,,Latin music,,,0.0,,,,1962,5.6,-0.2
351,,,,Polka,,,0.0,,,,1962,5.6,-0.2
352,0.610245098039,0.528117647059,0.47918627451,Pop music,0.0614512811765,-10.0552156863,0.56043956044,26.5882352941,114.263862745,0.644764705882,1962,5.6,-0.2
353,,,,Punk rock,,,0.0,,,,1962,5.6,-0.2
354,,,,Reggae,,,0.0,,,,1962,5.6,-0.2
355,0.6524,0.576333333333,0.641333333333,Rock music,3.69166666667e-05,-7.24966666667,0.0659340659341,34.1666666667,127.839833333,0.743333333333,1962,5.6,-0.2
356,,,,World music,,,0.0,,,,1962,5.6,-0.2
357,,,,Alternative rock,,,0.0,,,,1963,5.6,-0.1
358,0.5482,0.6794,0.5804,Blues music,0.029586584,-9.5252,0.0588235294118,24.8,121.8412,0.8876,1963,5.6,-0.1
359,0.56565,0.469,0.468,Country music,9.01666666667e-06,-10.1185,0.0705882352941,34.8333333333,114.443,0.549833333333,1963,5.6,-0.1
360,,,,Electronic music,,,0.0,,,,1963,5.6,-0.1
361,,,,Fusion music,,,0.0,,,,1963,5.6,-0.1
362,,,,Gospel music,,,0.0,,,,1963,5.6,-0.1
363,,,,Heavy metal,,,0.0,,,,1963,5.6,-0.1
364,,,,Hip hop,,,0.0,,,,1963,5.6,-0.1
365,,,,House music,,,0.0,,,,1963,5.6,-0.1
366,0.588,0.52335,0.5256,Jazz,0.0200983265,-10.4848,0.235294117647,27.75,124.91615,0.67775,1963,5.6,-0.1
367,,,,Latin music,,,0.0,,,,1963,5.6,-0.1
368,,,,Polka,,,0.0,,,,1963,5.6,-0.1
369,0.63111627907,0.524380952381,0.50668055814,Pop music,0.0231604034884,-10.330372093,0.505882352941,29.9069767442,113.519790698,0.684238095238,1963,5.6,-0.1
370,,,,Punk rock,,,0.0,,,,1963,5.6,-0.1
371,,,,Reggae,,,0.0,,,,1963,5.6,-0.1
372,0.379222272727,0.536363636364,0.625363636364,Rock music,0.237329009091,-10.3657272727,0.129411764706,42.8181818182,133.532545455,0.778272727273,1963,5.6,-0.1
373,,,,World music,,,0.0,,,,1963,5.6,-0.1
374,0.0783,0.529,0.411,Alternative rock,0.0,-6.532,0.0111111111111,47.0,148.779,0.148,1964,5.2,-0.4
375,0.3395,0.717,0.467,Blues music,0.000875,-8.572,0.0222222222222,43.0,105.616,0.703,1964,5.2,-0.4
376,0.6975,0.6315,0.393,Country music,0.0004675,-12.964,0.0222222222222,32.0,184.6235,0.766,1964,5.2,-0.4
377,,,,Electronic music,,,0.0,,,,1964,5.2,-0.4
378,0.318,0.58,0.575,Fusion music,6.55e-06,-10.527,0.0111111111111,7.0,78.797,0.911,1964,5.2,-0.4
379,0.165,0.44,0.347,Gospel music,0.0,-10.483,0.0111111111111,7.0,102.198,0.201,1964,5.2,-0.4
380,0.218,0.772,0.789,Heavy metal,0.742,-11.989,0.0111111111111,20.0,145.427,0.98,1964,5.2,-0.4
381,,,,Hip hop,,,0.0,,,,1964,5.2,-0.4
382,,,,House music,,,0.0,,,,1964,5.2,-0.4
383,0.583266666667,0.604708333333,0.5064875,Jazz,0.0956281729167,-10.1951666667,0.266666666667,33.75,118.029833333,0.674125,1964,5.2,-0.4
384,,,,Latin music,,,0.0,,,,1964,5.2,-0.4
385,,,,Polka,,,0.0,,,,1964,5.2,-0.4
386,0.5849,0.519666666667,0.511766666667,Pop music,0.0132181773333,-9.92673333333,0.333333333333,29.6,112.1419,0.634566666667,1964,5.2,-0.4
387,,,,Punk rock,,,0.0,,,,1964,5.2,-0.4
388,,,,Reggae,,,0.0,,,,1964,5.2,-0.4
389,0.379389392857,0.520178571429,0.750964285714,Rock music,0.0207030678571,-7.86564285714,0.311111111111,42.0714285714,129.153821429,0.825464285714,1964,5.2,-0.4
390,,,,World music,,,0.0,,,,1964,5.2,-0.4
391,,,,Alternative rock,,,0.0,,,,1965,4.5,-0.8
392,0.5415,0.492,0.524,Blues music,2.62e-06,-7.2675,0.020618556701,38.0,147.061,0.5695,1965,4.5,-0.8
393,0.5475,0.7065,0.3695,Country music,1.96e-06,-10.991,0.020618556701,26.0,120.457,0.551,1965,4.5,-0.8
394,,,,Electronic music,,,0.0,,,,1965,4.5,-0.8
395,,,,Fusion music,,,0.0,,,,1965,4.5,-0.8
396,0.739,0.365,0.197,Gospel music,0.000786,-17.382,0.0103092783505,8.0,204.512,0.156,1965,4.5,-0.8
397,,,,Heavy metal,,,0.0,,,,1965,4.5,-0.8
398,,,,Hip hop,,,0.0,,,,1965,4.5,-0.8
399,,,,House music,,,0.0,,,,1965,4.5,-0.8
400,0.44019047619,0.579857142857,0.617904761905,Jazz,0.00401558047619,-8.51466666667,0.216494845361,33.8571428571,127.134,0.736619047619,1965,4.5,-0.8
401,,,,Latin music,,,0.0,,,,1965,4.5,-0.8
402,,,,Polka,,,0.0,,,,1965,4.5,-0.8
403,0.48074,0.5288,0.512857142857,Pop music,0.00168615685714,-10.5295714286,0.381443298969,26.3243243243,114.061314286,0.615857142857,1965,4.5,-0.8
404,,,,Punk rock,,,0.0,,,,1965,4.5,-0.8
405,,,,Reggae,,,0.0,,,,1965,4.5,-0.8
406,0.428190625,0.53384375,0.59259375,Rock music,0.0565023246875,-9.51090625,0.350515463918,35.6176470588,122.71446875,0.6935,1965,4.5,-0.8
407,,,,World music,,,0.0,,,,1965,4.5,-0.8
408,,,,Alternative rock,,,0.0,,,,1966,3.8,-1.3
409,0.376033333333,0.686833333333,0.575,Blues music,0.147781666667,-7.73883333333,0.0645161290323,29.3333333333,107.904166667,0.815666666667,1966,3.8,-1.3
410,0.8925,0.49,0.223,Country music,0.001255,-14.06,0.0215053763441,30.5,121.6655,0.489,1966,3.8,-1.3
411,,,,Electronic music,,,0.0,,,,1966,3.8,-1.3
412,,,,Fusion music,,,0.0,,,,1966,3.8,-1.3
413,,,,Gospel music,,,0.0,,,,1966,3.8,-1.3
414,,,,Heavy metal,,,0.0,,,,1966,3.8,-1.3
415,0.01465,0.762,0.58,Hip hop,0.0387,-6.5665,0.0215053763441,44.5,98.538,0.4705,1966,3.8,-1.3
416,,,,House music,,,0.0,,,,1966,3.8,-1.3
417,0.485733333333,0.597708333333,0.505666666667,Jazz,0.00422851625,-10.1351666667,0.258064516129,34.5416666667,107.602375,0.642333333333,1966,3.8,-1.3
418,,,,Latin music,,,0.0,,,,1966,3.8,-1.3
419,,,,Polka,,,0.0,,,,1966,3.8,-1.3
420,0.44245625,0.536625,0.5315625,Pop music,0.0174464225,-10.8545625,0.182795698925,24.0,127.8210625,0.6685625,1966,3.8,-1.3
421,,,,Punk rock,,,0.0,,,,1966,3.8,-1.3
422,,,,Reggae,,,0.0,,,,1966,3.8,-1.3
423,0.28280704878,0.538365853659,0.628707317073,Rock music,0.0276213558537,-9.22697560976,0.451612903226,39.6666666667,127.34697561,0.710365853659,1966,3.8,-1.3
424,,,,World music,,,0.0,,,,1966,3.8,-1.3
425,,,,Alternative rock,,,0.0,,,,1967,3.8,-1.2
426,0.1081,0.72,0.5075,Blues music,0.000905,-10.5155,0.0215053763441,37.0,116.936,0.926,1967,3.8,-1.2
427,,,,Country music,,,0.0,,,,1967,3.8,-1.2
428,,,,Electronic music,,,0.0,,,,1967,3.8,-1.2
429,,,,Fusion music,,,0.0,,,,1967,3.8,-1.2
430,,,,Gospel music,,,0.0,,,,1967,3.8,-1.2
431,,,,Heavy metal,,,0.0,,,,1967,3.8,-1.2
432,0.46,0.67,0.377,Hip hop,3.09e-06,-10.84,0.0215053763441,0.0,105.101,0.331,1967,3.8,-1.2
433,,,,House music,,,0.0,,,,1967,3.8,-1.2
434,0.372704761905,0.599380952381,0.494619047619,Jazz,0.142312017619,-9.91095238095,0.225806451613,36.0952380952,120.215142857,0.710904761905,1967,3.8,-1.2
435,,,,Latin music,,,0.0,,,,1967,3.8,-1.2
436,,,,Polka,,,0.0,,,,1967,3.8,-1.2
437,0.435817391304,0.502826086957,0.503260869565,Pop music,0.00606961826087,-10.2375652174,0.247311827957,29.347826087,114.357956522,0.549695652174,1967,3.8,-1.2
438,,,,Punk rock,,,0.0,,,,1967,3.8,-1.2
439,,,,Reggae,,,0.0,,,,1967,3.8,-1.2
440,0.343483863636,0.5325,0.57975,Rock music,0.0123749127273,-9.68659090909,0.483870967742,37.8222222222,121.555,0.682568181818,1967,3.8,-1.2
441,,,,World music,,,0.0,,,,1967,3.8,-1.2
442,,,,Alternative rock,,,0.0,,,,1968,3.6,-1.4
443,0.5722,0.6205,0.39425,Blues music,0.2313945025,-12.8965,0.0444444444444,31.75,104.95,0.63775,1968,3.6,-1.4
444,0.629,0.795,0.448,Country music,0.0,-13.427,0.0111111111111,41.0,122.318,0.958,1968,3.6,-1.4
445,,,,Electronic music,,,0.0,,,,1968,3.6,-1.4
446,0.737,0.606,0.383,Fusion music,0.0,-9.648,0.0111111111111,27.0,58.909,0.753,1968,3.6,-1.4
447,,,,Gospel music,,,0.0,,,,1968,3.6,-1.4
448,,,,Heavy metal,,,0.0,,,,1968,3.6,-1.4
449,,,,Hip hop,,,0.0,,,,1968,3.6,-1.4
450,,,,House music,,,0.0,,,,1968,3.6,-1.4
451,0.498404166667,0.594958333333,0.489583333333,Jazz,0.0970607245833,-10.3139166667,0.266666666667,32.7083333333,117.685416667,0.685458333333,1968,3.6,-1.4
452,,,,Latin music,,,0.0,,,,1968,3.6,-1.4
453,,,,Polka,,,0.0,,,,1968,3.6,-1.4
454,0.441218181818,0.526545454545,0.444772727273,Pop music,0.0723348104545,-10.82,0.244444444444,32.3181818182,112.5765,0.566,1968,3.6,-1.4
455,,,,Punk rock,,,0.0,,,,1968,3.6,-1.4
456,,,,Reggae,,,0.0,,,,1968,3.6,-1.4
457,0.29426172973,0.534702702703,0.631918918919,Rock music,0.102562823784,-9.86445945946,0.422222222222,39.7368421053,119.861378378,0.668783783784,1968,3.6,-1.4
458,,,,World music,,,0.0,,,,1968,3.6,-1.4
459,,,,Alternative rock,,,0.0,,,,1969,3.5,-1.4
460,0.371375,0.65275,0.65525,Blues music,0.00502125,-8.856125,0.093023255814,33.25,116.783,0.8145,1969,3.5,-1.4
461,0.466,0.435,0.804,Country music,0.0,-8.48,0.0116279069767,20.0,93.83,0.722,1969,3.5,-1.4
462,,,,Electronic music,,,0.0,,,,1969,3.5,-1.4
463,,,,Fusion music,,,0.0,,,,1969,3.5,-1.4
464,0.527,0.341,0.418,Gospel music,1.19e-06,-6.848,0.0116279069767,35.0,148.996,0.337,1969,3.5,-1.4
465,,,,Heavy metal,,,0.0,,,,1969,3.5,-1.4
466,,,,Hip hop,,,0.0,,,,1969,3.5,-1.4
467,,,,House music,,,0.0,,,,1969,3.5,-1.4
468,0.363094117647,0.603705882353,0.516470588235,Jazz,0.103002138235,-10.5539411765,0.197674418605,28.1176470588,113.417764706,0.680705882353,1969,3.5,-1.4
469,,,,Latin music,,,0.0,,,,1969,3.5,-1.4
470,,,,Polka,,,0.0,,,,1969,3.5,-1.4
471,0.426847619048,0.483380952381,0.517619047619,Pop music,0.0758343747619,-10.5600952381,0.244186046512,30.4285714286,122.473666667,0.611952380952,1969,3.5,-1.4
472,,,,Punk rock,,,0.0,,,,1969,3.5,-1.4
473,,,,Reggae,,,0.0,,,,1969,3.5,-1.4
474,0.351859459459,0.541432432432,0.49127027027,Rock music,0.0462538391892,-11.5474864865,0.441860465116,39.3157894737,115.695378378,0.623297297297,1969,3.5,-1.4
475,,,,World music,,,0.0,,,,1969,3.5,-1.4
476,,,,Alternative rock,,,0.0,,,,1970,5.0,-0.5
477,0.457628571429,0.525142857143,0.542857142857,Blues music,0.00161267,-10.1558571429,0.0860215053763,22.2857142857,112.788857143,0.628285714286,1970,5.0,-0.5
478,0.514,0.37,0.378,Country music,0.0,-15.178,0.010752688172,22.0,112.159,0.745,1970,5.0,-0.5
479,,,,Electronic music,,,0.0,,,,1970,5.0,-0.5
480,,,,Fusion music,,,0.0,,,,1970,5.0,-0.5
481,0.358,0.236,0.724,Gospel music,0.0,-5.098,0.010752688172,29.0,174.195,0.505,1970,5.0,-0.5
482,,,,Heavy metal,,,0.0,,,,1970,5.0,-0.5
483,,,,Hip hop,,,0.0,,,,1970,5.0,-0.5
484,,,,House music,,,0.0,,,,1970,5.0,-0.5
485,0.394847368421,0.548210526316,0.579526315789,Jazz,0.00433469315789,-10.9847368421,0.204301075269,36.8421052632,113.443842105,0.668884210526,1970,5.0,-0.5
486,,,,Latin music,,,0.0,,,,1970,5.0,-0.5
487,,,,Polka,,,0.0,,,,1970,5.0,-0.5
488,0.465063157895,0.569210526316,0.487789473684,Pop music,0.0461717721053,-12.2,0.204301075269,25.7894736842,125.730052632,0.700789473684,1970,5.0,-0.5
489,,,,Punk rock,,,0.0,,,,1970,5.0,-0.5
490,,,,Reggae,,,0.0,,,,1970,5.0,-0.5
491,0.306919717949,0.544230769231,0.592538461538,Rock music,0.0738362274359,-10.4076923077,0.483870967742,39.6923076923,116.235410256,0.622102564103,1970,5.0,-0.5
492,,,,World music,,,0.0,,,,1970,5.0,-0.5
493,,,,Alternative rock,,,0.0,,,,1971,6.0,0.1
494,0.385833333333,0.745,0.508833333333,Blues music,0.000358291666667,-10.249,0.0659340659341,37.0,128.041666667,0.843,1971,6.0,0.1
495,0.345366666667,0.658666666667,0.589833333333,Country music,0.000212933333333,-9.28533333333,0.0659340659341,42.0,109.653333333,0.648833333333,1971,6.0,0.1
496,,,,Electronic music,,,0.0,,,,1971,6.0,0.1
497,,,,Fusion music,,,0.0,,,,1971,6.0,0.1
498,,,,Gospel music,,,0.0,,,,1971,6.0,0.1
499,,,,Heavy metal,,,0.0,,,,1971,6.0,0.1
500,,,,Hip hop,,,0.0,,,,1971,6.0,0.1
501,,,,House music,,,0.0,,,,1971,6.0,0.1
502,0.35979375,0.5870625,0.5600625,Jazz,0.04568489,-10.2541875,0.175824175824,40.125,109.7569375,0.6994375,1971,6.0,0.1
503,,,,Latin music,,,0.0,,,,1971,6.0,0.1
504,,,,Polka,,,0.0,,,,1971,6.0,0.1
505,0.559746,0.49872,0.460348,Pop music,0.0075653008,-11.24612,0.285714285714,31.2,118.07876,0.58072,1971,6.0,0.1
506,,,,Punk rock,,,0.0,,,,1971,6.0,0.1
507,,,,Reggae,,,0.0,,,,1971,6.0,0.1
508,0.317166666667,0.566787878788,0.621909090909,Rock music,0.0197609609091,-9.99421212121,0.406593406593,40.3636363636,117.865454545,0.684333333333,1971,6.0,0.1
509,,,,World music,,,0.0,,,,1971,6.0,0.1
510,,,,Alternative rock,,,0.0,,,,1972,5.6,-0.1
511,0.407625,0.6445,0.57525,Blues music,0.0790249,-9.426875,0.0851063829787,39.0,123.891875,0.715875,1972,5.6,-0.1
512,0.5265,0.62175,0.47525,Country music,1.3025e-05,-13.55175,0.0425531914894,33.0,109.7445,0.79,1972,5.6,-0.1
513,,,,Electronic music,,,0.0,,,,1972,5.6,-0.1
514,,,,Fusion music,,,0.0,,,,1972,5.6,-0.1
515,0.209,0.688,0.785,Gospel music,0.000156,-11.28,0.0106382978723,38.0,187.027,0.943,1972,5.6,-0.1
516,,,,Heavy metal,,,0.0,,,,1972,5.6,-0.1
517,,,,Hip hop,,,0.0,,,,1972,5.6,-0.1
518,,,,House music,,,0.0,,,,1972,5.6,-0.1
519,0.374257619048,0.628095238095,0.500019047619,Jazz,0.00144866047619,-11.085047619,0.234042553191,40.0,122.03247619,0.662380952381,1972,5.6,-0.1
520,,,,Latin music,,,0.0,,,,1972,5.6,-0.1
521,,,,Polka,,,0.0,,,,1972,5.6,-0.1
522,0.51865,0.544055555556,0.468666666667,Pop music,0.0764055688889,-11.3153888889,0.202127659574,30.3333333333,132.548111111,0.644388888889,1972,5.6,-0.1
523,,,,Punk rock,,,0.0,,,,1972,5.6,-0.1
524,,,,Reggae,,,0.0,,,,1972,5.6,-0.1
525,0.4088,0.554026315789,0.592421052632,Rock music,0.0360048002632,-9.92281578947,0.425531914894,44.8684210526,118.680131579,0.633578947368,1972,5.6,-0.1
526,,,,World music,,,0.0,,,,1972,5.6,-0.1
527,,,,Alternative rock,,,0.0,,,,1973,4.9,-0.6
528,0.268201111111,0.67,0.585666666667,Blues music,0.0151247,-10.3115555556,0.0967741935484,36.1111111111,113.521111111,0.729888888889,1973,4.9,-0.6
529,0.58016,0.5225,0.363333333333,Country music,0.162692271667,-11.0546666667,0.0645161290323,34.5,114.752333333,0.555166666667,1973,4.9,-0.6
530,,,,Electronic music,,,0.0,,,,1973,4.9,-0.6
531,,,,Fusion music,,,0.0,,,,1973,4.9,-0.6
532,,,,Gospel music,,,0.0,,,,1973,4.9,-0.6
533,0.467,0.457,0.334,Heavy metal,0.00483,-13.431,0.010752688172,26.0,126.38,0.462,1973,4.9,-0.6
534,,,,Hip hop,,,0.0,,,,1973,4.9,-0.6
535,,,,House music,,,0.0,,,,1973,4.9,-0.6
536,0.353708333333,0.594666666667,0.571958333333,Jazz,0.04596770375,-9.86770833333,0.268817204301,40.0416666667,122.149083333,0.67875,1973,4.9,-0.6
537,,,,Latin music,,,0.0,,,,1973,4.9,-0.6
538,,,,Polka,,,0.0,,,,1973,4.9,-0.6
539,0.50429375,0.5266875,0.5044375,Pop music,0.00305615,-10.4078125,0.172043010753,33.25,124.672,0.6330625,1973,4.9,-0.6
540,,,,Punk rock,,,0.0,,,,1973,4.9,-0.6
541,,,,Reggae,,,0.0,,,,1973,4.9,-0.6
542,0.251268055556,0.571194444444,0.6075,Rock music,0.0898681569444,-10.5587222222,0.387096774194,41.0277777778,128.481472222,0.718805555556,1973,4.9,-0.6
543,,,,World music,,,0.0,,,,1973,4.9,-0.6
544,,,,Alternative rock,,,0.0,,,,1974,5.6,-0.1
545,0.5372,0.672,0.6054,Blues music,0.21045,-11.1716,0.054347826087,32.4,125.9086,0.79,1974,5.6,-0.1
546,0.6994,0.5638,0.4108,Country music,0.048312672,-12.7756,0.054347826087,29.0,102.3326,0.5326,1974,5.6,-0.1
547,,,,Electronic music,,,0.0,,,,1974,5.6,-0.1
548,,,,Fusion music,,,0.0,,,,1974,5.6,-0.1
549,0.352,0.585,0.848,Gospel music,1.63e-05,-8.376,0.0108695652174,36.0,96.173,0.638,1974,5.6,-0.1
550,,,,Heavy metal,,,0.0,,,,1974,5.6,-0.1
551,,,,Hip hop,,,0.0,,,,1974,5.6,-0.1
552,0.328,0.606,0.71,House music,0.0,-8.441,0.0108695652174,44.0,106.918,0.79,1974,5.6,-0.1
553,0.358823333333,0.615875,0.633916666667,Jazz,0.0673757083333,-9.705875,0.260869565217,31.7916666667,111.2235,0.687958333333,1974,5.6,-0.1
554,0.177,0.291,0.73,Latin music,0.0,-2.849,0.0108695652174,12.0,160.666,0.521,1974,5.6,-0.1
555,,,,Polka,,,0.0,,,,1974,5.6,-0.1
556,0.489114105263,0.531842105263,0.553947368421,Pop music,0.0494834268421,-10.1981052632,0.20652173913,31.0,127.768315789,0.611052631579,1974,5.6,-0.1
557,,,,Punk rock,,,0.0,,,,1974,5.6,-0.1
558,,,,Reggae,,,0.0,,,,1974,5.6,-0.1
559,0.331650897222,0.592611111111,0.583611111111,Rock music,0.0614946519444,-10.7432222222,0.391304347826,38.3055555556,120.057277778,0.646444444444,1974,5.6,-0.1
560,,,,World music,,,0.0,,,,1974,5.6,-0.1
561,1.71e-05,0.597,0.706,Alternative rock,0.0692,-9.305,0.010989010989,20.0,123.277,0.824,1975,8.5,1.7
562,0.2162,0.717666666667,0.655,Blues music,0.2386,-10.6263333333,0.032967032967,32.6666666667,120.270666667,0.883333333333,1975,8.5,1.7
563,0.518,0.61475,0.403,Country music,0.00038195,-10.74275,0.043956043956,32.0,89.31725,0.66075,1975,8.5,1.7
564,,,,Electronic music,,,0.0,,,,1975,8.5,1.7
565,,,,Fusion music,,,0.0,,,,1975,8.5,1.7
566,0.898,0.6,0.224,Gospel music,0.000492,-16.313,0.010989010989,33.0,115.629,0.261,1975,8.5,1.7
567,,,,Heavy metal,,,0.0,,,,1975,8.5,1.7
568,0.00157,0.776,0.662,Hip hop,2.1e-05,-7.016,0.010989010989,72.0,152.927,0.329,1975,8.5,1.7
569,0.04605,0.618,0.6925,House music,0.3335342,-10.767,0.021978021978,38.5,114.1845,0.752,1975,8.5,1.7
570,0.29878125,0.643875,0.6383125,Jazz,0.016802085625,-10.4855625,0.186813186813,39.125,116.8545,0.764625,1975,8.5,1.7
571,,,,Latin music,,,0.0,,,,1975,8.5,1.7
572,,,,Polka,,,0.0,,,,1975,8.5,1.7
573,0.425761904762,0.529428571429,0.528,Pop music,0.00430251761905,-10.8748571429,0.241758241758,34.380952381,126.088761905,0.574380952381,1975,8.5,1.7
574,,,,Punk rock,,,0.0,,,,1975,8.5,1.7
575,,,,Reggae,,,0.0,,,,1975,8.5,1.7
576,0.370774944444,0.551527777778,0.539638888889,Rock music,0.0423896255556,-10.5539166667,0.43956043956,38.7222222222,117.874388889,0.626222222222,1975,8.5,1.7
577,,,,World music,,,0.0,,,,1975,8.5,1.7
578,,,,Alternative rock,,,0.0,,,,1976,7.7,1.2
579,0.2907875,0.61625,0.64675,Blues music,0.0063715925,-9.51775,0.0860215053763,36.5,117.361125,0.72875,1976,7.7,1.2
580,0.46205,0.675,0.5445,Country music,3.658e-05,-14.7165,0.0215053763441,49.5,110.3475,0.872,1976,7.7,1.2
581,,,,Electronic music,,,0.0,,,,1976,7.7,1.2
582,,,,Fusion music,,,0.0,,,,1976,7.7,1.2
583,,,,Gospel music,,,0.0,,,,1976,7.7,1.2
584,,,,Heavy metal,,,0.0,,,,1976,7.7,1.2
585,,,,Hip hop,,,0.0,,,,1976,7.7,1.2
586,0.1560475,0.74925,0.6425,House music,0.36983,-9.981,0.0430107526882,39.0,111.28925,0.87125,1976,7.7,1.2
587,0.209367777778,0.643055555556,0.663833333333,Jazz,0.0398950688889,-9.64261111111,0.193548387097,42.6666666667,118.665444444,0.803,1976,7.7,1.2
588,,,,Latin music,,,0.0,,,,1976,7.7,1.2
589,,,,Polka,,,0.0,,,,1976,7.7,1.2
590,0.438825,0.542416666667,0.580166666667,Pop music,0.00981088166667,-9.86983333333,0.129032258065,31.3333333333,127.119916667,0.67,1976,7.7,1.2
591,,,,Punk rock,,,0.0,,,,1976,7.7,1.2
592,,,,Reggae,,,0.0,,,,1976,7.7,1.2
593,0.281718979592,0.595591836735,0.592591836735,Rock music,0.0779361544898,-9.77908163265,0.52688172043,41.5918367347,120.991673469,0.65487755102,1976,7.7,1.2
594,,,,World music,,,0.0,,,,1976,7.7,1.2
595,,,,Alternative rock,,,0.0,,,,1977,7.1,0.8
596,0.195,0.699,0.83,Blues music,0.00245,-5.364,0.0112359550562,41.0,90.942,0.709,1977,7.1,0.8
597,0.6055,0.4815,0.222,Country music,0.00199005,-16.5725,0.0224719101124,31.0,144.6095,0.288,1977,7.1,0.8
598,,,,Electronic music,,,0.0,,,,1977,7.1,0.8
599,,,,Fusion music,,,0.0,,,,1977,7.1,0.8
600,0.0152,0.745,0.825,Gospel music,0.0898,-10.955,0.0112359550562,19.0,113.909,0.936,1977,7.1,0.8
601,,,,Heavy metal,,,0.0,,,,1977,7.1,0.8
602,,,,Hip hop,,,0.0,,,,1977,7.1,0.8
603,,,,House music,,,0.0,,,,1977,7.1,0.8
604,0.281423076923,0.688846153846,0.577,Jazz,0.0303031769231,-11.8652307692,0.157303370787,41.3846153846,122.123769231,0.794692307692,1977,7.1,0.8
605,,,,Latin music,,,0.0,,,,1977,7.1,0.8
606,,,,Polka,,,0.0,,,,1977,7.1,0.8
607,0.354043888889,0.518666666667,0.571555555556,Pop music,0.0574128894444,-9.71677777778,0.202247191011,32.2222222222,114.910944444,0.5645,1977,7.1,0.8
608,,,,Punk rock,,,0.0,,,,1977,7.1,0.8
609,,,,Reggae,,,0.0,,,,1977,7.1,0.8
610,0.314422641509,0.56441509434,0.583433962264,Rock music,0.0115186350943,-9.96022641509,0.595505617978,42.2641509434,123.715188679,0.605698113208,1977,7.1,0.8
611,,,,World music,,,0.0,,,,1977,7.1,0.8
612,0.12195,0.6885,0.754,Alternative rock,0.0007825,-9.2775,0.021978021978,41.5,113.064,0.837,1978,6.1,0.2
613,0.307,0.783,0.875,Blues music,0.00322,-6.639,0.010989010989,30.0,119.389,0.833,1978,6.1,0.2
614,0.6805,0.602,0.5005,Country music,0.0037765,-8.594,0.021978021978,44.0,95.45,0.477,1978,6.1,0.2
615,,,,Electronic music,,,0.0,,,,1978,6.1,0.2
616,0.511,0.584,0.586,Fusion music,0.0684,-9.522,0.010989010989,37.0,103.819,0.536,1978,6.1,0.2
617,,,,Gospel music,,,0.0,,,,1978,6.1,0.2
618,,,,Heavy metal,,,0.0,,,,1978,6.1,0.2
619,,,,Hip hop,,,0.0,,,,1978,6.1,0.2
620,0.0118,0.823,0.7115,House music,0.0008315,-7.8,0.021978021978,29.0,125.861,0.8485,1978,6.1,0.2
621,0.272934166667,0.659166666667,0.532066666667,Jazz,0.099264215,-10.7638333333,0.131868131868,38.1666666667,114.831916667,0.610816666667,1978,6.1,0.2
622,,,,Latin music,,,0.0,,,,1978,6.1,0.2
623,,,,Polka,,,0.0,,,,1978,6.1,0.2
624,0.377992307692,0.567461538462,0.532153846154,Pop music,0.00165074230769,-9.15661538462,0.142857142857,42.9230769231,102.697615385,0.537507692308,1978,6.1,0.2
625,,,,Punk rock,,,0.0,,,,1978,6.1,0.2
626,,,,Reggae,,,0.0,,,,1978,6.1,0.2
627,0.268757241379,0.587275862069,0.577534482759,Rock music,0.0127586622414,-9.48662068966,0.637362637363,39.6551724138,122.08687931,0.588137931034,1978,6.1,0.2
628,,,,World music,,,0.0,,,,1978,6.1,0.2
629,0.0846,0.704,0.867,Alternative rock,0.0,-5.808,0.0106382978723,54.0,131.467,0.829,1979,5.9,0.0
630,,,,Blues music,,,0.0,,,,1979,5.9,0.0
631,0.3205,0.52725,0.4355,Country music,3.3575e-06,-13.51575,0.0425531914894,46.5,127.063,0.6865,1979,5.9,0.0
632,,,,Electronic music,,,0.0,,,,1979,5.9,0.0
633,,,,Fusion music,,,0.0,,,,1979,5.9,0.0
634,,,,Gospel music,,,0.0,,,,1979,5.9,0.0
635,,,,Heavy metal,,,0.0,,,,1979,5.9,0.0
636,,,,Hip hop,,,0.0,,,,1979,5.9,0.0
637,0.05345,0.777,0.763,House music,0.00724115,-10.207,0.0212765957447,37.5,134.737,0.908,1979,5.9,0.0
638,0.225013833333,0.686777777778,0.666055555556,Jazz,0.0675904388889,-9.77805555556,0.191489361702,46.8888888889,117.532555556,0.764666666667,1979,5.9,0.0
639,,,,Latin music,,,0.0,,,,1979,5.9,0.0
640,,,,Polka,,,0.0,,,,1979,5.9,0.0
641,0.162848888889,0.667666666667,0.617722222222,Pop music,0.104166575556,-9.83388888889,0.191489361702,37.6666666667,122.9645,0.671438888889,1979,5.9,0.0
642,,,,Punk rock,,,0.0,,,,1979,5.9,0.0
643,,,,Reggae,,,0.0,,,,1979,5.9,0.0
644,0.278534352941,0.603137254902,0.625725490196,Rock music,0.0289518641176,-9.20305882353,0.542553191489,40.8431372549,123.798176471,0.652745098039,1979,5.9,0.0
645,,,,World music,,,0.0,,,,1979,5.9,0.0
646,,,,Alternative rock,,,0.0,,,,1980,7.2,0.8
647,0.28165,0.63125,0.57625,Blues music,0.00815,-9.348,0.0425531914894,41.75,121.53925,0.73275,1980,7.2,0.8
648,0.3989,0.557,0.565333333333,Country music,0.008693225,-10.845,0.063829787234,28.8333333333,110.857833333,0.583833333333,1980,7.2,0.8
649,0.00967,0.542,0.578,Electronic music,5.97e-05,-8.755,0.0106382978723,55.0,128.0,0.824,1980,7.2,0.8
650,,,,Fusion music,,,0.0,,,,1980,7.2,0.8
651,0.475,0.6635,0.547,Gospel music,1.14e-06,-9.8435,0.0212765957447,32.0,96.0995,0.6925,1980,7.2,0.8
652,,,,Heavy metal,,,0.0,,,,1980,7.2,0.8
653,,,,Hip hop,,,0.0,,,,1980,7.2,0.8
654,,,,House music,,,0.0,,,,1980,7.2,0.8
655,0.353997742857,0.675214285714,0.5615,Jazz,0.05685085,-11.4964285714,0.148936170213,33.4285714286,122.414857143,0.711142857143,1980,7.2,0.8
656,,,,Latin music,,,0.0,,,,1980,7.2,0.8
657,,,,Polka,,,0.0,,,,1980,7.2,0.8
658,0.270066125,0.584875,0.51036875,Pop music,0.05583949,-10.7133125,0.170212765957,36.8125,122.2368125,0.55299375,1980,7.2,0.8
659,,,,Punk rock,,,0.0,,,,1980,7.2,0.8
660,,,,Reggae,,,0.0,,,,1980,7.2,0.8
661,0.295633217647,0.631960784314,0.583647058824,Rock music,0.0374082903922,-9.9467254902,0.542553191489,41.3529411765,123.681490196,0.65538627451,1980,7.2,0.8
662,,,,World music,,,0.0,,,,1980,7.2,0.8
663,0.155,0.647,0.818,Alternative rock,8.18e-06,-6.174,0.0108695652174,36.0,122.552,0.914,1981,7.6,1.1
664,0.304,0.796,0.69,Blues music,3.14e-05,-10.972,0.0108695652174,31.0,107.49,0.819,1981,7.6,1.1
665,0.374030769231,0.594307692308,0.485461538462,Country music,9.94669230769e-05,-11.5412307692,0.141304347826,38.0769230769,121.055384615,0.614769230769,1981,7.6,1.1
666,,,,Electronic music,,,0.0,,,,1981,7.6,1.1
667,0.0635,0.505,0.898,Fusion music,0.0,-7.511,0.0108695652174,35.0,145.465,0.851,1981,7.6,1.1
668,0.519,0.589,0.488,Gospel music,4.75e-06,-11.405,0.0108695652174,36.0,72.723,0.619,1981,7.6,1.1
669,,,,Heavy metal,,,0.0,,,,1981,7.6,1.1
670,,,,Hip hop,,,0.0,,,,1981,7.6,1.1
671,,,,House music,,,0.0,,,,1981,7.6,1.1
672,0.302124,0.7329,0.535,Jazz,0.044679957,-11.1828,0.108695652174,37.9,112.1326,0.7166,1981,7.6,1.1
673,,,,Latin music,,,0.0,,,,1981,7.6,1.1
674,,,,Polka,,,0.0,,,,1981,7.6,1.1
675,0.40122,0.5352,0.5558,Pop music,0.0002478,-9.1308,0.054347826087,35.0,129.8462,0.5156,1981,7.6,1.1
676,,,,Punk rock,,,0.0,,,,1981,7.6,1.1
677,,,,Reggae,,,0.0,,,,1981,7.6,1.1
678,0.271107457627,0.611050847458,0.574152542373,Rock music,0.0194172554237,-9.35850847458,0.652173913043,41.3559322034,116.147288136,0.576652542373,1981,7.6,1.1
679,,,,World music,,,0.0,,,,1981,7.6,1.1
680,,,,Alternative rock,,,0.0,,,,1982,9.7,2.4
681,,,,Blues music,,,0.0,,,,1982,9.7,2.4
682,0.355128571429,0.551857142857,0.483428571429,Country music,0.00138174428571,-10.5954285714,0.0752688172043,37.2857142857,115.230428571,0.476714285714,1982,9.7,2.4
683,0.092209,0.634,0.7765,Electronic music,0.4035,-7.1665,0.0215053763441,56.5,131.54,0.8285,1982,9.7,2.4
684,,,,Fusion music,,,0.0,,,,1982,9.7,2.4
685,,,,Gospel music,,,0.0,,,,1982,9.7,2.4
686,,,,Heavy metal,,,0.0,,,,1982,9.7,2.4
687,,,,Hip hop,,,0.0,,,,1982,9.7,2.4
688,,,,House music,,,0.0,,,,1982,9.7,2.4
689,0.369169230769,0.739384615385,0.509723076923,Jazz,0.00165817923077,-11.8183076923,0.150537634409,37.0,120.672769231,0.788453846154,1982,9.7,2.4
690,,,,Latin music,,,0.0,,,,1982,9.7,2.4
691,,,,Polka,,,0.0,,,,1982,9.7,2.4
692,0.294746666667,0.638,0.6755,Pop music,0.000462446666667,-7.44733333333,0.0645161290323,39.3333333333,139.9945,0.589,1982,9.7,2.4
693,,,,Punk rock,,,0.0,,,,1982,9.7,2.4
694,,,,Reggae,,,0.0,,,,1982,9.7,2.4
695,0.233066016393,0.619852459016,0.635098360656,Rock music,0.018804324918,-9.04963934426,0.677419354839,42.1475409836,126.006131148,0.667803278689,1982,9.7,2.4
696,0.0896,0.48,0.378,World music,0.398,-13.317,0.010752688172,41.0,136.379,0.0654,1982,9.7,2.4
697,,,,Alternative rock,,,0.0,,,,1983,9.6,2.4
698,,,,Blues music,,,0.0,,,,1983,9.6,2.4
699,0.198,0.49,0.457,Country music,2.07e-05,-8.573,0.010752688172,30.0,82.791,0.171,1983,9.6,2.4
700,0.0632971428571,0.729285714286,0.704,Electronic music,0.00395710714286,-8.61585714286,0.0860215053763,41.8571428571,108.326428571,0.656428571429,1983,9.6,2.4
701,,,,Fusion music,,,0.0,,,,1983,9.6,2.4
702,0.589,0.758,0.576,Gospel music,9.57e-06,-11.477,0.010752688172,26.0,128.214,0.703,1983,9.6,2.4
703,,,,Heavy metal,,,0.0,,,,1983,9.6,2.4
704,,,,Hip hop,,,0.0,,,,1983,9.6,2.4
705,,,,House music,,,0.0,,,,1983,9.6,2.4
706,0.359014285714,0.618,0.523,Jazz,0.00308604142857,-8.87171428571,0.0752688172043,40.7142857143,108.784142857,0.574285714286,1983,9.6,2.4
707,,,,Latin music,,,0.0,,,,1983,9.6,2.4
708,,,,Polka,,,0.0,,,,1983,9.6,2.4
709,0.21179875,0.69175,0.681,Pop music,0.0986363775,-8.051625,0.0860215053763,49.25,115.50375,0.783,1983,9.6,2.4
710,0.0343,0.614,0.638,Punk rock,0.0001,-10.48,0.010752688172,52.0,121.564,0.728,1983,9.6,2.4
711,0.427,0.8,0.428,Reggae,0.0,-14.283,0.010752688172,47.0,149.846,0.964,1983,9.6,2.4
712,0.191300307692,0.633938461538,0.667246153846,Rock music,0.0185157796923,-8.72121538462,0.709677419355,43.1692307692,124.4586,0.635986153846,1983,9.6,2.4
713,,,,World music,,,0.0,,,,1983,9.6,2.4
714,,,,Alternative rock,,,0.0,,,,1984,7.5,1.1
715,,,,Blues music,,,0.0,,,,1984,7.5,1.1
716,,,,Country music,,,0.0,,,,1984,7.5,1.1
717,0.089,0.466,0.438,Electronic music,5.62e-06,-12.858,0.0114942528736,63.0,193.1,0.577,1984,7.5,1.1
718,,,,Fusion music,,,0.0,,,,1984,7.5,1.1
719,,,,Gospel music,,,0.0,,,,1984,7.5,1.1
720,,,,Heavy metal,,,0.0,,,,1984,7.5,1.1
721,,,,Hip hop,,,0.0,,,,1984,7.5,1.1
722,0.0563,0.736,0.485,House music,0.0,-14.023,0.0114942528736,43.0,113.011,0.9,1984,7.5,1.1
723,0.229602986667,0.698,0.568733333333,Jazz,0.03740398,-10.3619333333,0.172413793103,41.1333333333,107.171066667,0.660273333333,1984,7.5,1.1
724,,,,Latin music,,,0.0,,,,1984,7.5,1.1
725,,,,Polka,,,0.0,,,,1984,7.5,1.1
726,0.1631,0.803142857143,0.738571428571,Pop music,0.0249625714286,-7.154,0.0804597701149,45.2857142857,123.320571429,0.842428571429,1984,7.5,1.1
727,,,,Punk rock,,,0.0,,,,1984,7.5,1.1
728,,,,Reggae,,,0.0,,,,1984,7.5,1.1
729,0.166060793651,0.659682539683,0.714523809524,Rock music,0.0264248061905,-7.94631746032,0.724137931034,46.5714285714,122.003936508,0.713888888889,1984,7.5,1.1
730,,,,World music,,,0.0,,,,1984,7.5,1.1
731,,,,Alternative rock,,,0.0,,,,1985,7.2,0.9
732,0.024405,0.827,0.7525,Blues music,0.0446,-7.2465,0.0217391304348,21.0,118.487,0.9185,1985,7.2,0.9
733,,,,Country music,,,0.0,,,,1985,7.2,0.9
734,0.049625,0.666,0.6695,Electronic music,0.17137,-9.9285,0.0217391304348,36.0,119.724,0.625,1985,7.2,0.9
735,,,,Fusion music,,,0.0,,,,1985,7.2,0.9
736,0.0301,0.815,0.59,Gospel music,0.000917,-10.694,0.0108695652174,42.0,128.808,0.822,1985,7.2,0.9
737,,,,Heavy metal,,,0.0,,,,1985,7.2,0.9
738,,,,Hip hop,,,0.0,,,,1985,7.2,0.9
739,,,,House music,,,0.0,,,,1985,7.2,0.9
740,0.28310625,0.7061875,0.5905,Jazz,0.008174964375,-10.075875,0.173913043478,40.0,120.42725,0.7008125,1985,7.2,0.9
741,,,,Latin music,,,0.0,,,,1985,7.2,0.9
742,,,,Polka,,,0.0,,,,1985,7.2,0.9
743,0.296837272727,0.689545454545,0.619181818182,Pop music,0.0711879709091,-10.7308181818,0.119565217391,46.0,114.271363636,0.751181818182,1985,7.2,0.9
744,,,,Punk rock,,,0.0,,,,1985,7.2,0.9
745,,,,Reggae,,,0.0,,,,1985,7.2,0.9
746,0.213793271186,0.616474576271,0.681491525424,Rock music,0.0222924264407,-8.94888135593,0.652173913043,46.9322033898,117.788254237,0.651745762712,1985,7.2,0.9
747,,,,World music,,,0.0,,,,1985,7.2,0.9
748,,,,Alternative rock,,,0.0,,,,1986,7.0,0.7
749,0.58,0.707,0.514,Blues music,0.000159,-8.885,0.010752688172,56.0,86.035,0.516,1986,7.0,0.7
750,,,,Country music,,,0.0,,,,1986,7.0,0.7
751,0.0830428333333,0.709666666667,0.727333333333,Electronic music,0.0366954833333,-7.848,0.0645161290323,48.5,116.503166667,0.697833333333,1986,7.0,0.7
752,,,,Fusion music,,,0.0,,,,1986,7.0,0.7
753,0.355166666667,0.651333333333,0.646,Gospel music,0.026635,-9.32933333333,0.0322580645161,30.0,115.977,0.556,1986,7.0,0.7
754,,,,Heavy metal,,,0.0,,,,1986,7.0,0.7
755,0.046372,0.7322,0.6166,Hip hop,0.00043776,-10.5544,0.0537634408602,42.8,122.8668,0.6858,1986,7.0,0.7
756,,,,House music,,,0.0,,,,1986,7.0,0.7
757,0.26416,0.696384615385,0.594,Jazz,0.0757321738462,-10.1126153846,0.139784946237,34.0,115.744461538,0.615976923077,1986,7.0,0.7
758,,,,Latin music,,,0.0,,,,1986,7.0,0.7
759,,,,Polka,,,0.0,,,,1986,7.0,0.7
760,0.3076,0.697833333333,0.661,Pop music,0.0617142608333,-9.16208333333,0.129032258065,45.75,122.31175,0.643,1986,7.0,0.7
761,,,,Punk rock,,,0.0,,,,1986,7.0,0.7
762,,,,Reggae,,,0.0,,,,1986,7.0,0.7
763,0.221519433962,0.600962264151,0.66420754717,Rock music,0.0208507601887,-9.74935849057,0.569892473118,42.9622641509,115.192056604,0.641924528302,1986,7.0,0.7
764,,,,World music,,,0.0,,,,1986,7.0,0.7
765,,,,Alternative rock,,,0.0,,,,1987,6.2,0.2
766,,,,Blues music,,,0.0,,,,1987,6.2,0.2
767,,,,Country music,,,0.0,,,,1987,6.2,0.2
768,0.131,0.706,0.827,Electronic music,0.00607,-6.616,0.0111111111111,31.0,126.336,0.894,1987,6.2,0.2
769,,,,Fusion music,,,0.0,,,,1987,6.2,0.2
770,0.1784125,0.7335,0.633125,Gospel music,0.000220525,-8.010375,0.0888888888889,37.5,121.269625,0.746875,1987,6.2,0.2
771,,,,Heavy metal,,,0.0,,,,1987,6.2,0.2
772,0.08136,0.7275,0.758,Hip hop,0.02851525,-7.39525,0.0444444444444,33.25,117.9685,0.758,1987,6.2,0.2
773,,,,House music,,,0.0,,,,1987,6.2,0.2
774,0.192682,0.6776,0.6452,Jazz,0.091170397,-9.5582,0.111111111111,39.0,117.8182,0.7064,1987,6.2,0.2
775,,,,Latin music,,,0.0,,,,1987,6.2,0.2
776,,,,Polka,,,0.0,,,,1987,6.2,0.2
777,0.299068125,0.7106875,0.6644375,Pop music,0.00527785,-9.7550625,0.177777777778,42.1875,107.8346875,0.686625,1987,6.2,0.2
778,,,,Punk rock,,,0.0,,,,1987,6.2,0.2
779,,,,Reggae,,,0.0,,,,1987,6.2,0.2
780,0.18145462,0.60164,0.66638,Rock music,0.025489555,-9.86496,0.566666666667,43.48,124.91648,0.58698,1987,6.2,0.2
781,,,,World music,,,0.0,,,,1987,6.2,0.2
782,,,,Alternative rock,,,0.0,,,,1988,5.5,-0.2
783,0.0376,0.557,0.607,Blues music,0.0,-9.316,0.0111111111111,48.0,81.648,0.452,1988,5.5,-0.2
784,,,,Country music,,,0.0,,,,1988,5.5,-0.2
785,0.005155,0.6495,0.8115,Electronic music,0.04155,-7.8915,0.0222222222222,44.5,121.4945,0.661,1988,5.5,-0.2
786,,,,Fusion music,,,0.0,,,,1988,5.5,-0.2
787,0.16265125,0.805,0.516125,Gospel music,0.0023726325,-11.340375,0.0888888888889,34.75,104.587,0.787375,1988,5.5,-0.2
788,,,,Heavy metal,,,0.0,,,,1988,5.5,-0.2
789,0.086105,0.64325,0.688,Hip hop,0.0200175,-9.485,0.0444444444444,39.0,92.46925,0.679,1988,5.5,-0.2
790,,,,House music,,,0.0,,,,1988,5.5,-0.2
791,0.359698333333,0.662333333333,0.498333333333,Jazz,9.709e-05,-13.1098333333,0.0666666666667,39.1666666667,112.054333333,0.7205,1988,5.5,-0.2
792,,,,Latin music,,,0.0,,,,1988,5.5,-0.2
793,,,,Polka,,,0.0,,,,1988,5.5,-0.2
794,0.2935,0.625357142857,0.5745,Pop music,0.00609384642857,-9.88585714286,0.155555555556,45.8571428571,107.331428571,0.415214285714,1988,5.5,-0.2
795,,,,Punk rock,,,0.0,,,,1988,5.5,-0.2
796,,,,Reggae,,,0.0,,,,1988,5.5,-0.2
797,0.153836836364,0.614345454545,0.720672727273,Rock music,0.0145999196364,-8.57816363636,0.611111111111,43.1636363636,126.176054545,0.661763636364,1988,5.5,-0.2
798,,,,World music,,,0.0,,,,1988,5.5,-0.2
799,0.091725,0.5515,0.568,Alternative rock,0.10756,-11.5875,0.0210526315789,44.5,144.966,0.639,1989,5.3,-0.3
800,0.459,0.5535,0.5365,Blues music,6e-05,-10.553,0.0210526315789,31.0,94.685,0.529,1989,5.3,-0.3
801,,,,Country music,,,0.0,,,,1989,5.3,-0.3
802,,,,Electronic music,,,0.0,,,,1989,5.3,-0.3
803,,,,Fusion music,,,0.0,,,,1989,5.3,-0.3
804,0.0960422222222,0.701,0.647,Gospel music,0.000177737777778,-10.2367777778,0.115789473684,36.2222222222,116.603222222,0.691777777778,1989,5.3,-0.3
805,,,,Heavy metal,,,0.0,,,,1989,5.3,-0.3
806,0.035088,0.7878,0.661,Hip hop,0.000880706,-10.0298,0.0631578947368,40.8,135.8084,0.703,1989,5.3,-0.3
807,,,,House music,,,0.0,,,,1989,5.3,-0.3
808,0.29555,0.665833333333,0.61,Jazz,0.0168264866667,-8.558,0.0631578947368,25.3333333333,124.1155,0.568166666667,1989,5.3,-0.3
809,,,,Latin music,,,0.0,,,,1989,5.3,-0.3
810,,,,Polka,,,0.0,,,,1989,5.3,-0.3
811,0.200305357143,0.654428571429,0.708214285714,Pop music,0.0363758296429,-8.08260714286,0.294736842105,43.4285714286,120.521071429,0.608464285714,1989,5.3,-0.3
812,,,,Punk rock,,,0.0105263157895,,,,1989,5.3,-0.3
813,,,,Reggae,,,0.0,,,,1989,5.3,-0.3
814,0.226715945946,0.531756756757,0.697108108108,Rock music,0.010423062973,-8.39005405405,0.410526315789,42.0540540541,126.415378378,0.542918918919,1989,5.3,-0.3
815,,,,World music,,,0.0,,,,1989,5.3,-0.3
816,,,,Alternative rock,,,0.0,,,,1990,5.6,-0.1
817,0.3953,0.698666666667,0.583333333333,Blues music,0.000437333333333,-8.27933333333,0.0315789473684,40.0,101.537,0.586333333333,1990,5.6,-0.1
818,,,,Country music,,,0.0,,,,1990,5.6,-0.1
819,0.155,0.641,0.812,Electronic music,4.43e-05,-7.945,0.0105263157895,56.0,112.777,0.801,1990,5.6,-0.1
820,,,,Fusion music,,,0.0,,,,1990,5.6,-0.1
821,0.227528571429,0.696428571429,0.715714285714,Gospel music,0.0105784285714,-8.77885714286,0.0736842105263,30.4285714286,115.344,0.727428571429,1990,5.6,-0.1
822,0.0222,0.358,0.893,Heavy metal,0.0524,-7.486,0.0105263157895,59.0,174.238,0.258,1990,5.6,-0.1
823,0.0785842777778,0.762166666667,0.652555555556,Hip hop,0.0126467194444,-10.0251111111,0.189473684211,39.5555555556,121.583833333,0.668888888889,1990,5.6,-0.1
824,,,,House music,,,0.0,,,,1990,5.6,-0.1
825,0.17528,0.6782,0.5994,Jazz,0.0003034,-8.4496,0.0526315789474,46.6,100.1444,0.584,1990,5.6,-0.1
826,,,,Latin music,,,0.0,,,,1990,5.6,-0.1
827,,,,Polka,,,0.0,,,,1990,5.6,-0.1
828,0.243875416667,0.646791666667,0.705625,Pop music,0.012877475,-8.55808333333,0.252631578947,40.25,114.135208333,0.587608333333,1990,5.6,-0.1
829,,,,Punk rock,,,0.0,,,,1990,5.6,-0.1
830,0.0105,0.762,0.646,Reggae,2.14e-06,-8.69,0.0105263157895,50.0,95.992,0.82,1990,5.6,-0.1
831,0.1846852,0.582914285714,0.663885714286,Rock music,0.00397738057143,-7.55902857143,0.368421052632,41.2285714286,121.2716,0.535317142857,1990,5.6,-0.1
832,,,,World music,,,0.0,,,,1990,5.6,-0.1
833,0.0212736666667,0.632666666667,0.666666666667,Alternative rock,0.0129013733333,-11.1723333333,0.030612244898,40.3333333333,107.040666667,0.790333333333,1991,6.9,0.6
834,0.0138,0.512,0.87,Blues music,0.000318,-9.689,0.0102040816327,34.0,184.551,0.926,1991,6.9,0.6
835,,,,Country music,,,0.0,,,,1991,6.9,0.6
836,,,,Electronic music,,,0.0,,,,1991,6.9,0.6
837,,,,Fusion music,,,0.0,,,,1991,6.9,0.6
838,0.223775,0.670625,0.59675,Gospel music,0.04685679875,-10.22425,0.0816326530612,30.75,123.73525,0.661125,1991,6.9,0.6
839,0.0534,0.462,0.628,Heavy metal,0.00025,-5.659,0.0102040816327,47.0,140.049,0.0975,1991,6.9,0.6
840,0.105196761905,0.686428571429,0.698714285714,Hip hop,0.0401640252381,-10.0661904762,0.214285714286,34.6666666667,124.214095238,0.635228571429,1991,6.9,0.6
841,,,,House music,,,0.0,,,,1991,6.9,0.6
842,0.3873375,0.6475,0.4475,Jazz,0.0033325,-10.67125,0.0408163265306,35.5,110.8605,0.4605,1991,6.9,0.6
843,,,,Latin music,,,0.0,,,,1991,6.9,0.6
844,,,,Polka,,,0.0,,,,1991,6.9,0.6
845,0.239588,0.6701,0.709933333333,Pop music,0.0467812836667,-8.67216666667,0.30612244898,40.7333333333,112.8752,0.617233333333,1991,6.9,0.6
846,,,,Punk rock,,,0.0,,,,1991,6.9,0.6
847,,,,Reggae,,,0.0,,,,1991,6.9,0.6
848,0.203777633333,0.5498,0.594866666667,Rock music,0.00216238833333,-9.62183333333,0.30612244898,40.5,118.627133333,0.527266666667,1991,6.9,0.6
849,,,,World music,,,0.0,,,,1991,6.9,0.6
850,0.81,0.511,0.317,Alternative rock,0.0,-16.897,0.0104166666667,50.0,120.964,0.563,1992,7.5,1.0
851,,,,Blues music,,,0.0,,,,1992,7.5,1.0
852,0.0711,0.795,0.582,Country music,0.0,-10.156,0.0104166666667,49.0,121.798,0.965,1992,7.5,1.0
853,,,,Electronic music,,,0.0,,,,1992,7.5,1.0
854,,,,Fusion music,,,0.0,,,,1992,7.5,1.0
855,0.1255,0.672428571429,0.673571428571,Gospel music,0.0697712428571,-9.51935714286,0.145833333333,37.7857142857,121.147071429,0.622428571429,1992,7.5,1.0
856,0.0168,0.554,0.49,Heavy metal,0.000534,-8.046,0.0104166666667,75.0,84.275,0.519,1992,7.5,1.0
857,0.0768746666667,0.775555555556,0.697277777778,Hip hop,0.0155598244444,-9.17072222222,0.1875,41.8888888889,115.594111111,0.651,1992,7.5,1.0
858,,,,House music,,,0.0,,,,1992,7.5,1.0
859,0.16202,0.6496,0.603,Jazz,9.992e-06,-8.6814,0.0520833333333,39.8,130.0388,0.5608,1992,7.5,1.0
860,,,,Latin music,,,0.0,,,,1992,7.5,1.0
861,,,,Polka,,,0.0,,,,1992,7.5,1.0
862,0.253527964,0.60456,0.65044,Pop music,0.0169138788,-8.08296,0.260416666667,42.88,120.35568,0.551388,1992,7.5,1.0
863,,,,Punk rock,,,0.0,,,,1992,7.5,1.0
864,,,,Reggae,,,0.0,,,,1992,7.5,1.0
865,0.20910212,0.576933333333,0.604066666667,Rock music,0.0299977723333,-9.02726666667,0.322916666667,43.5666666667,114.664766667,0.4753,1992,7.5,1.0
866,,,,World music,,,0.0,,,,1992,7.5,1.0
867,0.441,0.331,0.577,Alternative rock,0.0,-3.942,0.0105263157895,15.0,107.42,0.176,1993,6.9,0.7
868,,,,Blues music,,,0.0,,,,1993,6.9,0.7
869,0.114,0.666,0.521,Country music,0.0,-10.993,0.0105263157895,45.0,105.223,0.362,1993,6.9,0.7
870,,,,Electronic music,,,0.0,,,,1993,6.9,0.7
871,,,,Fusion music,,,0.0,,,,1993,6.9,0.7
872,0.239981666667,0.652416666667,0.5155,Gospel music,0.000871530833333,-11.4651666667,0.126315789474,37.5833333333,112.357166667,0.560416666667,1993,6.9,0.7
873,0.0115,0.449,0.95,Heavy metal,3.66e-05,-4.978,0.0105263157895,39.0,144.469,0.321,1993,6.9,0.7
874,0.0779370954545,0.812136363636,0.677636363636,Hip hop,0.107471977273,-9.88063636364,0.231578947368,44.9545454545,106.980818182,0.684909090909,1993,6.9,0.7
875,0.014,0.811,0.833,House music,2.06e-05,-4.259,0.0105263157895,57.0,120.258,0.582,1993,6.9,0.7
876,0.208041666667,0.642833333333,0.51525,Jazz,0.00934251666667,-9.9575,0.126315789474,46.3333333333,103.332083333,0.564583333333,1993,6.9,0.7
877,,,,Latin music,,,0.0,,,,1993,6.9,0.7
878,,,,Polka,,,0.0,,,,1993,6.9,0.7
879,0.273814210526,0.609684210526,0.633631578947,Pop music,0.0461309231579,-8.60552631579,0.2,51.6315789474,112.615947368,0.447578947368,1993,6.9,0.7
880,,,,Punk rock,,,0.0,,,,1993,6.9,0.7
881,0.1242,0.784,0.7245,Reggae,0.00021,-8.0405,0.0210526315789,59.5,130.4435,0.732,1993,6.9,0.7
882,0.159623916667,0.521083333333,0.673041666667,Rock music,0.02937144,-8.88770833333,0.252631578947,48.4166666667,119.945333333,0.513458333333,1993,6.9,0.7
883,,,,World music,,,0.0,,,,1993,6.9,0.7
884,0.22155,0.632,0.5685,Alternative rock,0.0022782,-9.138,0.0217391304348,50.5,110.1965,0.5165,1994,6.1,0.2
885,,,,Blues music,,,0.0,,,,1994,6.1,0.2
886,0.1577,0.5515,0.5965,Country music,2.495e-05,-7.949,0.0217391304348,51.5,157.182,0.55,1994,6.1,0.2
887,0.166,0.6435,0.6645,Electronic music,0.0004645,-10.9835,0.0217391304348,34.5,93.0055,0.675,1994,6.1,0.2
888,,,,Fusion music,,,0.0,,,,1994,6.1,0.2
889,0.319425,0.7465,0.535,Gospel music,0.000411325,-8.364,0.0434782608696,37.75,122.83,0.59675,1994,6.1,0.2
890,,,,Heavy metal,,,0.0,,,,1994,6.1,0.2
891,0.123913666667,0.758944444444,0.718944444444,Hip hop,0.0052472,-7.70322222222,0.195652173913,48.2777777778,116.201944444,0.651944444444,1994,6.1,0.2
892,,,,House music,,,0.0,,,,1994,6.1,0.2
893,0.1174,0.689307692308,0.608153846154,Jazz,2.49907692308e-05,-8.69169230769,0.141304347826,43.1538461538,134.337307692,0.522153846154,1994,6.1,0.2
894,,,,Latin music,,,0.0,,,,1994,6.1,0.2
895,,,,Polka,,,0.0,,,,1994,6.1,0.2
896,0.308477741935,0.604064516129,0.580129032258,Pop music,0.0631633458065,-8.88903225806,0.336956521739,44.9032258065,110.417709677,0.535903225806,1994,6.1,0.2
897,,,,Punk rock,,,0.0,,,,1994,6.1,0.2
898,0.00946,0.844,0.558,Reggae,0.0003455,-8.5915,0.0217391304348,62.0,110.221,0.577,1994,6.1,0.2
899,0.29598,0.497777777778,0.558777777778,Rock music,0.0124820077778,-9.028,0.195652173913,45.8333333333,120.700277778,0.383944444444,1994,6.1,0.2
900,,,,World music,,,0.0,,,,1994,6.1,0.2
901,0.653,0.491,0.458,Alternative rock,0.0,-8.159,0.0106382978723,39.0,141.724,0.237,1995,5.6,-0.1
902,0.451,0.6095,0.4125,Blues music,0.0,-9.5365,0.0212765957447,32.5,98.4165,0.48,1995,5.6,-0.1
903,0.0425,0.384,0.887,Country music,0.0,-3.806,0.0106382978723,46.0,72.816,0.659,1995,5.6,-0.1
904,,,,Electronic music,,,0.0,,,,1995,5.6,-0.1
905,,,,Fusion music,,,0.0,,,,1995,5.6,-0.1
906,0.162339166667,0.663166666667,0.536416666667,Gospel music,0.0003608875,-9.53091666667,0.127659574468,42.3333333333,108.552833333,0.492975,1995,5.6,-0.1
907,,,,Heavy metal,,,0.0,,,,1995,5.6,-0.1
908,0.056694,0.7377,0.74295,Hip hop,0.074313231,-8.11415,0.234042553191,45.2,116.6767,0.62205,1995,5.6,-0.1
909,,,,House music,,,0.0,,,,1995,5.6,-0.1
910,0.233225,0.721,0.5065,Jazz,0.0085524175,-8.5755,0.0425531914894,52.25,103.02875,0.57875,1995,5.6,-0.1
911,,,,Latin music,,,0.0,,,,1995,5.6,-0.1
912,,,,Polka,,,0.0,,,,1995,5.6,-0.1
913,0.27165125,0.6546875,0.552625,Pop music,0.0184521834375,-8.72834375,0.36170212766,45.46875,122.5829375,0.5755625,1995,5.6,-0.1
914,,,,Punk rock,,,0.0,,,,1995,5.6,-0.1
915,0.0141,0.889,0.454,Reggae,0.000186,-8.598,0.0106382978723,63.0,100.36,0.429,1995,5.6,-0.1
916,0.169343270588,0.488058823529,0.679588235294,Rock music,0.0128931417647,-6.71894117647,0.18085106383,46.0,135.518647059,0.465588235294,1995,5.6,-0.1
917,,,,World music,,,0.0,,,,1995,5.6,-0.1
918,0.0105,0.461,0.802,Alternative rock,2.18e-05,-4.279,0.0105263157895,46.0,100.179,0.378,1996,5.4,-0.3
919,,,,Blues music,,,0.0,,,,1996,5.4,-0.3
920,,,,Country music,,,0.0,,,,1996,5.4,-0.3
921,0.132,0.68,0.505,Electronic music,0.0,-9.771,0.0105263157895,53.0,123.693,0.74,1996,5.4,-0.3
922,,,,Fusion music,,,0.0,,,,1996,5.4,-0.3
923,0.3510625,0.6515,0.50725,Gospel music,0.00122568375,-9.364875,0.0842105263158,43.625,114.02625,0.578625,1996,5.4,-0.3
924,0.000223,0.562,0.919,Heavy metal,0.113,-4.458,0.0105263157895,53.0,113.357,0.717,1996,5.4,-0.3
925,0.165618333333,0.756388888889,0.668388888889,Hip hop,0.00334620777778,-8.77205555556,0.210526315789,43.9444444444,111.292777778,0.707444444444,1996,5.4,-0.3
926,,,,House music,,,0.0,,,,1996,5.4,-0.3
927,0.325095555556,0.691,0.541555555556,Jazz,0.00762388888889,-8.266,0.105263157895,52.4444444444,111.127888889,0.651333333333,1996,5.4,-0.3
928,,,,Latin music,,,0.0,,,,1996,5.4,-0.3
929,,,,Polka,,,0.0,,,,1996,5.4,-0.3
930,0.32170527027,0.628027027027,0.607621621622,Pop music,0.0688471605405,-7.82548648649,0.421052631579,44.4864864865,111.831648649,0.532810810811,1996,5.4,-0.3
931,,,,Punk rock,,,0.0,,,,1996,5.4,-0.3
932,0.056,0.667,0.698,Reggae,0.0,-7.35,0.0105263157895,47.0,138.654,0.664,1996,5.4,-0.3
933,0.0799183333333,0.546583333333,0.7695,Rock music,0.0497891683333,-7.01875,0.136842105263,44.0,120.040083333,0.626083333333,1996,5.4,-0.3
934,,,,World music,,,0.0,,,,1996,5.4,-0.3
935,,,,Alternative rock,,,0.0,,,,1997,4.9,-0.5
936,,,,Blues music,,,0.0,,,,1997,4.9,-0.5
937,0.327,0.5255,0.495,Country music,0.0,-8.2885,0.0222222222222,42.5,136.3345,0.302,1997,4.9,-0.5
938,,,,Electronic music,,,0.0,,,,1997,4.9,-0.5
939,,,,Fusion music,,,0.0,,,,1997,4.9,-0.5
940,0.30910125,0.7015,0.51875,Gospel music,5.8375e-07,-7.883125,0.0888888888889,41.625,107.25475,0.49575,1997,4.9,-0.5
941,,,,Heavy metal,,,0.0,,,,1997,4.9,-0.5
942,0.1142118125,0.7986875,0.6758125,Hip hop,0.0439604925,-7.8620625,0.177777777778,41.6875,102.217375,0.6626875,1997,4.9,-0.5
943,,,,House music,,,0.0,,,,1997,4.9,-0.5
944,0.261750714286,0.719928571429,0.51,Jazz,0.00297494142857,-8.50828571429,0.177777777778,47.0,118.441357143,0.556928571429,1997,4.9,-0.5
945,,,,Latin music,,,0.0,,,,1997,4.9,-0.5
946,,,,Polka,,,0.0,,,,1997,4.9,-0.5
947,0.249205789474,0.617263157895,0.647473684211,Pop music,0.0173326744737,-7.55394736842,0.433333333333,48.6052631579,121.719815789,0.569873684211,1997,4.9,-0.5
948,0.117,0.606,0.864,Punk rock,0.0,-7.504,0.0111111111111,56.0,103.834,0.577,1997,4.9,-0.5
949,,,,Reggae,,,0.0,,,,1997,4.9,-0.5
950,0.3417175,0.542875,0.49825,Rock music,0.10055545125,-8.927375,0.0888888888889,42.875,110.93675,0.354,1997,4.9,-0.5
951,,,,World music,,,0.0,,,,1997,4.9,-0.5
952,,,,Alternative rock,,,0.0,,,,1998,4.5,-0.8
953,0.844,0.637,0.406,Blues music,0.000176,-12.1,0.0113636363636,31.0,96.178,0.341,1998,4.5,-0.8
954,0.34275,0.50325,0.516,Country music,0.0,-8.05825,0.0454545454545,48.25,132.23475,0.45175,1998,4.5,-0.8
955,,,,Electronic music,,,0.0,,,,1998,4.5,-0.8
956,,,,Fusion music,,,0.0,,,,1998,4.5,-0.8
957,0.248866666667,0.710833333333,0.471583333333,Gospel music,0.0060875,-8.56516666667,0.136363636364,40.5833333333,118.781083333,0.51925,1998,4.5,-0.8
958,,,,Heavy metal,,,0.0,,,,1998,4.5,-0.8
959,0.0978766666667,0.756888888889,0.687555555556,Hip hop,0.00509561944444,-6.43027777778,0.204545454545,39.6666666667,104.225111111,0.703944444444,1998,4.5,-0.8
960,,,,House music,,,0.0,,,,1998,4.5,-0.8
961,0.211825,0.681125,0.540375,Jazz,2.60125e-06,-7.87575,0.0909090909091,39.625,123.97625,0.45525,1998,4.5,-0.8
962,,,,Latin music,,,0.0,,,,1998,4.5,-0.8
963,,,,Polka,,,0.0,,,,1998,4.5,-0.8
964,0.216644102564,0.631179487179,0.657717948718,Pop music,0.0130381351282,-6.73469230769,0.454545454545,49.4102564103,121.262974359,0.551623076923,1998,4.5,-0.8
965,0.117,0.606,0.864,Punk rock,0.0,-7.504,0.0113636363636,56.0,103.834,0.577,1998,4.5,-0.8
966,,,,Reggae,,,0.0,,,,1998,4.5,-0.8
967,0.355875,0.47225,0.60375,Rock music,0.003725,-7.2285,0.0454545454545,57.0,124.66475,0.41075,1998,4.5,-0.8
968,,,,World music,,,0.0,,,,1998,4.5,-0.8
969,0.0737308,0.57,0.754666666667,Alternative rock,0.000788916666667,-7.13733333333,0.0340909090909,58.0,107.935666667,0.445666666667,1999,4.2,-1.0
970,,,,Blues music,,,0.0,,,,1999,4.2,-1.0
971,0.22835,0.6019,0.6595,Country music,4.072e-06,-6.5809,0.113636363636,45.0,113.8013,0.4966,1999,4.2,-1.0
972,,,,Electronic music,,,0.0,,,,1999,4.2,-1.0
973,,,,Fusion music,,,0.0,,,,1999,4.2,-1.0
974,0.16086,0.733,0.576,Gospel music,0.00069466,-7.7722,0.0568181818182,43.4,114.9518,0.481,1999,4.2,-1.0
975,0.08415,0.6365,0.6365,Heavy metal,0.01807,-6.113,0.0227272727273,65.5,87.0635,0.4825,1999,4.2,-1.0
976,0.134722222222,0.822888888889,0.692888888889,Hip hop,0.000137066666667,-7.07477777778,0.102272727273,46.0,106.125888889,0.657444444444,1999,4.2,-1.0
977,,,,House music,,,0.0,,,,1999,4.2,-1.0
978,0.225215555556,0.690777777778,0.510777777778,Jazz,6.36333333333e-06,-8.36122222222,0.102272727273,43.4444444444,106.021888889,0.489888888889,1999,4.2,-1.0
979,0.486,0.813,0.949,Latin music,9.75e-06,-2.563,0.0113636363636,48.0,115.061,0.795,1999,4.2,-1.0
980,,,,Polka,,,0.0,,,,1999,4.2,-1.0
981,0.182047,0.652075,0.62976,Pop music,0.00196905825,-6.9186,0.454545454545,53.775,113.683225,0.5576,1999,4.2,-1.0
982,,,,Punk rock,,,0.0,,,,1999,4.2,-1.0
983,,,,Reggae,,,0.0,,,,1999,4.2,-1.0
984,0.142362222222,0.527111111111,0.763444444444,Rock music,0.000383748888889,-5.77788888889,0.102272727273,56.3333333333,113.566111111,0.596888888889,1999,4.2,-1.0
985,,,,World music,,,0.0,,,,1999,4.2,-1.0
986,0.01378495,0.498,0.76775,Alternative rock,0.000243,-6.59275,0.0412371134021,57.25,121.29425,0.486,2000,4.0,-1.1
987,,,,Blues music,,,0.0,,,,2000,4.0,-1.1
988,0.256252727273,0.585363636364,0.654818181818,Country music,0.00048487,-6.59209090909,0.113402061856,47.0,133.437272727,0.510727272727,2000,4.0,-1.1
989,,,,Electronic music,,,0.0,,,,2000,4.0,-1.1
990,,,,Fusion music,,,0.0,,,,2000,4.0,-1.1
991,0.056525,0.76275,0.65625,Gospel music,9.55e-06,-6.7645,0.0412371134021,47.0,101.4735,0.51875,2000,4.0,-1.1
992,0.01660075,0.51925,0.7915,Heavy metal,0.00058395,-5.6175,0.0412371134021,61.25,112.61325,0.41775,2000,4.0,-1.1
993,0.127379,0.8348,0.718,Hip hop,0.083909123,-6.3906,0.103092783505,48.4,112.3708,0.6497,2000,4.0,-1.1
994,0.0604,0.632,0.579,House music,0.885,-12.204,0.0103092783505,31.0,135.009,0.238,2000,4.0,-1.1
995,0.243311666667,0.751333333333,0.557833333333,Jazz,1.6045e-05,-6.9365,0.0618556701031,51.6666666667,104.224833333,0.6645,2000,4.0,-1.1
996,0.24815,0.6955,0.9215,Latin music,6.205e-06,-3.9915,0.020618556701,50.0,140.5205,0.7665,2000,4.0,-1.1
997,,,,Polka,,,0.0,,,,2000,4.0,-1.1
998,0.171925489796,0.706469387755,0.704979591837,Pop music,0.00486214367347,-6.18159183673,0.505154639175,47.387755102,119.022795918,0.666402040816,2000,4.0,-1.1
999,,,,Punk rock,,,0.0,,,,2000,4.0,-1.1
1000,,,,Reggae,,,0.0,,,,2000,4.0,-1.1
1001,0.119051166667,0.597666666667,0.815333333333,Rock music,0.000530313333333,-5.17366666667,0.0618556701031,43.1666666667,114.703833333,0.635833333333,2000,4.0,-1.1
1002,,,,World music,,,0.0,,,,2000,4.0,-1.1
1003,0.0023915,0.4755,0.7005,Alternative rock,0.0003935,-6.713,0.0215053763441,57.5,131.762,0.2555,2001,4.7,-0.7
1004,,,,Blues music,,,0.0,,,,2001,4.7,-0.7
1005,0.287313333333,0.507916666667,0.621333333333,Country music,1.755e-06,-6.42241666667,0.129032258065,49.25,138.860416667,0.47725,2001,4.7,-0.7
1006,0.0103,0.61,0.723,Electronic music,0.0447,-7.572,0.010752688172,47.0,97.147,0.428,2001,4.7,-0.7
1007,0.841,0.418,0.249,Fusion music,0.661,-13.744,0.010752688172,62.0,82.803,0.217,2001,4.7,-0.7
1008,0.245966666667,0.62,0.51,Gospel music,0.00072,-8.393,0.0430107526882,41.6666666667,113.739666667,0.675666666667,2001,4.7,-0.7
1009,0.011977,0.540666666667,0.793833333333,Heavy metal,0.00226509833333,-5.03466666667,0.0645161290323,60.1666666667,109.618833333,0.430833333333,2001,4.7,-0.7
1010,0.098234375,0.7980625,0.6923125,Hip hop,0.034116398125,-6.367625,0.172043010753,45.375,119.0969375,0.684,2001,4.7,-0.7
1011,,,,House music,,,0.0,,,,2001,4.7,-0.7
1012,0.1573,0.6928,0.652,Jazz,0.0,-6.3332,0.0537634408602,49.2,95.8328,0.4806,2001,4.7,-0.7
1013,,,,Latin music,,,0.0,,,,2001,4.7,-0.7
1014,,,,Polka,,,0.0,,,,2001,4.7,-0.7
1015,0.148522365854,0.695658536585,0.684975609756,Pop music,0.00349641804878,-5.67058536585,0.440860215054,46.5853658537,109.274243902,0.636073170732,2001,4.7,-0.7
1016,,,,Punk rock,,,0.0,,,,2001,4.7,-0.7
1017,,,,Reggae,,,0.0,,,,2001,4.7,-0.7
1018,0.10242,0.5116,0.804,Rock music,0.000971026,-5.8022,0.0537634408602,54.8,122.6786,0.487,2001,4.7,-0.7
1019,,,,World music,,,0.0,,,,2001,4.7,-0.7
1020,0.0149620666667,0.423333333333,0.761333333333,Alternative rock,0.000315776666667,-5.661,0.03125,54.6666666667,128.227,0.277666666667,2002,5.8,0.0
1021,,,,Blues music,,,0.0,,,,2002,5.8,0.0
1022,0.36075,0.60875,0.63875,Country music,7.98875e-06,-6.98075,0.0833333333333,48.0,116.38375,0.472875,2002,5.8,0.0
1023,,,,Electronic music,,,0.0,,,,2002,5.8,0.0
1024,,,,Fusion music,,,0.0,,,,2002,5.8,0.0
1025,0.2045,0.639333333333,0.575,Gospel music,0.00072,-7.39366666667,0.03125,39.3333333333,121.320333333,0.599333333333,2002,5.8,0.0
1026,0.0060825,0.465,0.86475,Heavy metal,0.0,-4.788,0.0416666666667,59.5,139.54675,0.341,2002,5.8,0.0
1027,0.130500909091,0.782590909091,0.732090909091,Hip hop,0.00110806454545,-5.27322727273,0.229166666667,47.9090909091,123.062954545,0.683690909091,2002,5.8,0.0
1028,0.0499,0.786,0.853,House music,0.0872,-8.274,0.0104166666667,45.0,126.99,0.314,2002,5.8,0.0
1029,0.192603333333,0.590333333333,0.595,Jazz,0.00223,-7.051,0.03125,54.0,130.342333333,0.587333333333,2002,5.8,0.0
1030,,,,Latin music,,,0.0,,,,2002,5.8,0.0
1031,,,,Polka,,,0.0,,,,2002,5.8,0.0
1032,0.153059478,0.66108,0.68896,Pop music,0.0116599978,-5.69882,0.520833333333,50.32,110.65382,0.620788,2002,5.8,0.0
1033,,,,Punk rock,,,0.0,,,,2002,5.8,0.0
1034,,,,Reggae,,,0.0,,,,2002,5.8,0.0
1035,0.037451,0.371,0.588,Rock music,0.01957,-7.8065,0.0208333333333,24.5,88.201,0.45,2002,5.8,0.0
1036,,,,World music,,,0.0,,,,2002,5.8,0.0
1037,,,,Alternative rock,,,0.0,,,,2003,6.0,0.1
1038,,,,Blues music,,,0.0,,,,2003,6.0,0.1
1039,0.171956,0.5346,0.7288,Country music,0.001493469,-5.7348,0.103092783505,50.0,134.8622,0.6331,2003,6.0,0.1
1040,,,,Electronic music,,,0.0,,,,2003,6.0,0.1
1041,,,,Fusion music,,,0.0,,,,2003,6.0,0.1
1042,0.492,0.649,0.536,Gospel music,0.0,-8.804,0.0103092783505,49.0,78.935,0.52,2003,6.0,0.1
1043,0.041357,0.517833333333,0.733,Heavy metal,1.84166666667e-06,-5.68433333333,0.0618556701031,62.6666666667,133.456,0.398,2003,6.0,0.1
1044,0.192002413793,0.756965517241,0.706275862069,Hip hop,0.0317173058621,-5.754,0.298969072165,49.2413793103,107.419344828,0.675627586207,2003,6.0,0.1
1045,,,,House music,,,0.0,,,,2003,6.0,0.1
1046,0.32764,0.6356,0.513,Jazz,6.7882e-05,-8.6276,0.0515463917526,42.4,113.4022,0.4162,2003,6.0,0.1
1047,0.0107,0.803,0.773,Latin music,0.0,-3.628,0.0103092783505,39.0,91.915,0.719,2003,6.0,0.1
1048,,,,Polka,,,0.0,,,,2003,6.0,0.1
1049,0.24332725,0.687725,0.645475,Pop music,0.01249094,-5.94595,0.412371134021,51.2,113.09385,0.6108075,2003,6.0,0.1
1050,,,,Punk rock,,,0.0,,,,2003,6.0,0.1
1051,0.0479,0.495,0.819,Reggae,0.000215,-5.656,0.0103092783505,55.0,100.213,0.304,2003,6.0,0.1
1052,0.0400425,0.52625,0.79875,Rock music,3.825e-05,-4.488,0.0412371134021,53.0,119.1885,0.598,2003,6.0,0.1
1053,,,,World music,,,0.0,,,,2003,6.0,0.1
1054,0.00415,0.396,0.905,Alternative rock,0.0,-3.948,0.0103092783505,56.0,151.503,0.529,2004,5.5,-0.2
1055,,,,Blues music,,,0.0,,,,2004,5.5,-0.2
1056,0.321585714286,0.534571428571,0.605714285714,Country music,4.824e-05,-7.681,0.0721649484536,54.8571428571,121.889,0.472571428571,2004,5.5,-0.2
1057,,,,Electronic music,,,0.0,,,,2004,5.5,-0.2
1058,,,,Fusion music,,,0.0,,,,2004,5.5,-0.2
1059,,,,Gospel music,,,0.0,,,,2004,5.5,-0.2
1060,0.254793333333,0.476833333333,0.624,Heavy metal,0.0,-6.3705,0.0618556701031,61.1666666667,109.670333333,0.2851,2004,5.5,-0.2
1061,0.1318209375,0.74690625,0.72921875,Hip hop,4.0004375e-05,-5.27734375,0.329896907216,53.375,119.4320625,0.63953125,2004,5.5,-0.2
1062,,,,House music,,,0.0,,,,2004,5.5,-0.2
1063,0.0734,0.711,0.475,Jazz,0.0,-7.394,0.0103092783505,34.0,129.934,0.466,2004,5.5,-0.2
1064,,,,Latin music,,,0.0,,,,2004,5.5,-0.2
1065,,,,Polka,,,0.0,,,,2004,5.5,-0.2
1066,0.20354,0.688136363636,0.636863636364,Pop music,0.00675415545455,-6.31920454545,0.463917525773,55.5909090909,113.1755,0.598522727273,2004,5.5,-0.2
1067,,,,Punk rock,,,0.0,,,,2004,5.5,-0.2
1068,0.111,0.71,0.653,Reggae,0.0,-8.305,0.0103092783505,50.0,94.007,0.944,2004,5.5,-0.2
1069,0.103839,0.54425,0.8865,Rock music,0.0001595475,-5.13975,0.0412371134021,54.75,131.96825,0.68725,2004,5.5,-0.2
1070,,,,World music,,,0.0,,,,2004,5.5,-0.2
1071,0.1,0.461,0.446,Alternative rock,0.0,-7.703,0.0102040816327,61.0,139.868,0.35,2005,5.1,-0.5
1072,,,,Blues music,,,0.0,,,,2005,5.1,-0.5
1073,0.170333333333,0.519333333333,0.734333333333,Country music,4.86666666667e-07,-3.99366666667,0.030612244898,47.3333333333,112.457333333,0.508333333333,2005,5.1,-0.5
1074,,,,Electronic music,,,0.0,,,,2005,5.1,-0.5
1075,,,,Fusion music,,,0.0,,,,2005,5.1,-0.5
1076,,,,Gospel music,,,0.0,,,,2005,5.1,-0.5
1077,0.0554,0.4665,0.886,Heavy metal,0.0,-4.3525,0.0204081632653,55.0,90.958,0.4495,2005,5.1,-0.5
1078,0.102593709677,0.738709677419,0.643677419355,Hip hop,0.00348447354839,-6.61416129032,0.316326530612,51.5483870968,110.555709677,0.545635483871,2005,5.1,-0.5
1079,,,,House music,,,0.0,,,,2005,5.1,-0.5
1080,,,,Jazz,,,0.0,,,,2005,5.1,-0.5
1081,,,,Latin music,,,0.0,,,,2005,5.1,-0.5
1082,,,,Polka,,,0.0,,,,2005,5.1,-0.5
1083,0.150476226415,0.689698113208,0.656849056604,Pop music,0.00620875584906,-6.19698113208,0.540816326531,56.4905660377,112.212603774,0.586924528302,2005,5.1,-0.5
1084,,,,Punk rock,,,0.0,,,,2005,5.1,-0.5
1085,,,,Reggae,,,0.0,,,,2005,5.1,-0.5
1086,0.017807375,0.461875,0.843125,Rock music,0.0003240375,-4.374625,0.0816326530612,67.125,147.206375,0.43975,2005,5.1,-0.5
1087,,,,World music,,,0.0,,,,2005,5.1,-0.5
1088,0.2356,0.470666666667,0.642,Alternative rock,0.0,-6.13733333333,0.030303030303,61.0,134.031333333,0.387666666667,2006,4.6,-0.7
1089,,,,Blues music,,,0.0,,,,2006,4.6,-0.7
1090,0.225433333333,0.489333333333,0.713333333333,Country music,0.0,-4.131,0.030303030303,59.0,105.244333333,0.379333333333,2006,4.6,-0.7
1091,,,,Electronic music,,,0.0,,,,2006,4.6,-0.7
1092,,,,Fusion music,,,0.0,,,,2006,4.6,-0.7
1093,,,,Gospel music,,,0.0,,,,2006,4.6,-0.7
1094,0.0174766666667,0.491,0.833666666667,Heavy metal,3.5e-06,-4.70933333333,0.030303030303,63.0,106.211666667,0.437,2006,4.6,-0.7
1095,0.0775268,0.77348,0.62008,Hip hop,0.000103356,-6.7538,0.262626262626,52.32,98.31524,0.558708,2006,4.6,-0.7
1096,,,,House music,,,0.0,,,,2006,4.6,-0.7
1097,,,,Jazz,,,0.0,,,,2006,4.6,-0.7
1098,,,,Latin music,,,0.0,,,,2006,4.6,-0.7
1099,,,,Polka,,,0.0,,,,2006,4.6,-0.7
1100,0.133073303571,0.699982142857,0.694321428571,Pop music,0.00415937553571,-5.71110714286,0.575757575758,58.5892857143,119.275392857,0.599267857143,2006,4.6,-0.7
1101,,,,Punk rock,,,0.0,,,,2006,4.6,-0.7
1102,,,,Reggae,,,0.0,,,,2006,4.6,-0.7
1103,0.0446312857143,0.581428571429,0.794142857143,Rock music,0.000367347142857,-4.72628571429,0.0707070707071,56.7142857143,141.878428571,0.507428571429,2006,4.6,-0.7
1104,,,,World music,,,0.0,,,,2006,4.6,-0.7
1105,0.0182148,0.438,0.903333333333,Alternative rock,5.36666666667e-07,-3.12033333333,0.0309278350515,51.6666666667,140.221,0.37,2007,4.6,-0.7
1106,,,,Blues music,,,0.0,,,,2007,4.6,-0.7
1107,0.271,0.519,0.749,Country music,0.0,-3.318,0.0103092783505,66.0,147.905,0.311,2007,4.6,-0.7
1108,,,,Electronic music,,,0.0,,,,2007,4.6,-0.7
1109,0.000665,0.545,0.932,Fusion music,0.0,-2.189,0.0103092783505,66.0,92.956,0.472,2007,4.6,-0.7
1110,,,,Gospel music,,,0.0,,,,2007,4.6,-0.7
1111,0.10978,0.5256,0.842,Heavy metal,2.902e-06,-4.5816,0.0515463917526,63.8,119.9026,0.4556,2007,4.6,-0.7
1112,0.116769517241,0.67475862069,0.671068965517,Hip hop,0.0241631724138,-6.23879310345,0.298969072165,50.2068965517,112.74837931,0.59524137931,2007,4.6,-0.7
1113,,,,House music,,,0.0,,,,2007,4.6,-0.7
1114,,,,Jazz,,,0.0,,,,2007,4.6,-0.7
1115,,,,Latin music,,,0.0,,,,2007,4.6,-0.7
1116,,,,Polka,,,0.0,,,,2007,4.6,-0.7
1117,0.182910018868,0.692245283019,0.694754716981,Pop music,0.0182180981132,-5.86573584906,0.546391752577,57.0188679245,126.351018868,0.615660377358,2007,4.6,-0.7
1118,0.000289,0.217,0.905,Punk rock,0.00011,-4.103,0.0103092783505,72.0,96.95,0.225,2007,4.6,-0.7
1119,,,,Reggae,,,0.0,,,,2007,4.6,-0.7
1120,0.05996725,0.55325,0.7975,Rock music,0.001466725,-4.253,0.0412371134021,58.25,128.254,0.339,2007,4.6,-0.7
1121,,,,World music,,,0.0,,,,2007,4.6,-0.7
1122,0.118411,0.4445,0.7695,Alternative rock,0.0,-4.1405,0.020202020202,43.0,140.121,0.219,2008,5.8,0.0
1123,,,,Blues music,,,0.0,,,,2008,5.8,0.0
1124,0.0237,0.5,0.665,Country music,6.41e-05,-7.157,0.010101010101,54.0,154.997,0.315,2008,5.8,0.0
1125,,,,Electronic music,,,0.0,,,,2008,5.8,0.0
1126,,,,Fusion music,,,0.0,,,,2008,5.8,0.0
1127,,,,Gospel music,,,0.0,,,,2008,5.8,0.0
1128,0.0334851666667,0.5755,0.801333333333,Heavy metal,0.00178376333333,-4.53133333333,0.0606060606061,52.1666666667,119.3545,0.460716666667,2008,5.8,0.0
1129,0.0740845,0.69285,0.729,Hip hop,0.03495778,-5.60375,0.20202020202,52.5,123.92775,0.514425,2008,5.8,0.0
1130,,,,House music,,,0.0,,,,2008,5.8,0.0
1131,,,,Jazz,,,0.0,,,,2008,5.8,0.0
1132,,,,Latin music,,,0.0,,,,2008,5.8,0.0
1133,,,,Polka,,,0.0,,,,2008,5.8,0.0
1134,0.166383639706,0.651794117647,0.673308823529,Pop music,0.0255739567647,-6.08480882353,0.686868686869,56.2205882353,124.158102941,0.524198529412,2008,5.8,0.0
1135,0.00221,0.618,0.955,Punk rock,3.09e-06,-3.836,0.010101010101,61.0,150.034,0.804,2008,5.8,0.0
1136,,,,Reggae,,,0.0,,,,2008,5.8,0.0
1137,0.0137,0.595,0.844,Rock music,0.0,-4.678,0.010101010101,54.0,127.981,0.593,2008,5.8,0.0
1138,,,,World music,,,0.0,,,,2008,5.8,0.0
1139,0.00987,0.484,0.784,Alternative rock,0.0,-3.976,0.0103092783505,43.0,95.937,0.137,2009,9.3,2.2
1140,,,,Blues music,,,0.0,,,,2009,9.3,2.2
1141,0.446666666667,0.611833333333,0.666,Country music,9.26833333333e-05,-5.09583333333,0.0618556701031,58.6666666667,131.925333333,0.529666666667,2009,9.3,2.2
1142,,,,Electronic music,,,0.0,,,,2009,9.3,2.2
1143,,,,Fusion music,,,0.0,,,,2009,9.3,2.2
1144,0.252,0.563,0.402,Gospel music,2.07e-06,-10.496,0.0103092783505,57.0,115.561,0.198,2009,9.3,2.2
1145,0.0006525,0.4765,0.802,Heavy metal,0.0,-3.933,0.020618556701,61.5,108.991,0.2745,2009,9.3,2.2
1146,0.0900918181818,0.665090909091,0.675272727273,Hip hop,0.0822733018182,-5.03272727273,0.113402061856,51.8181818182,134.078727273,0.588545454545,2009,9.3,2.2
1147,,,,House music,,,0.0,,,,2009,9.3,2.2
1148,,,,Jazz,,,0.0,,,,2009,9.3,2.2
1149,,,,Latin music,,,0.0,,,,2009,9.3,2.2
1150,,,,Polka,,,0.0,,,,2009,9.3,2.2
1151,0.133975804167,0.644597222222,0.720148611111,Pop music,0.0190453177778,-5.50106944444,0.742268041237,55.625,125.509944444,0.551277777778,2009,9.3,2.2
1152,,,,Punk rock,,,0.0,,,,2009,9.3,2.2
1153,,,,Reggae,,,0.0,,,,2009,9.3,2.2
1154,0.014440175,0.39125,0.8145,Rock music,0.00051675,-5.3165,0.0412371134021,66.25,125.69025,0.33125,2009,9.3,2.2
1155,,,,World music,,,0.0,,,,2009,9.3,2.2
1156,0.0534,0.434,0.764,Alternative rock,0.0,-3.45,0.0104166666667,51.0,51.316,0.321,2010,9.6,2.4
1157,,,,Blues music,,,0.0,,,,2010,9.6,2.4
1158,0.313528571429,0.608428571429,0.617285714286,Country music,9.20657142857e-05,-5.52285714286,0.0729166666667,55.5714285714,120.351285714,0.467285714286,2010,9.6,2.4
1159,0.000698,0.686,0.898,Electronic music,4.61e-05,-2.72,0.0104166666667,55.0,122.985,0.678,2010,9.6,2.4
1160,,,,Fusion music,,,0.0,,,,2010,9.6,2.4
1161,,,,Gospel music,,,0.0,,,,2010,9.6,2.4
1162,,,,Heavy metal,,,0.0,,,,2010,9.6,2.4
1163,0.156433076923,0.641076923077,0.745384615385,Hip hop,0.00515340769231,-5.08715384615,0.135416666667,60.1538461538,111.212076923,0.518423076923,2010,9.6,2.4
1164,,,,House music,,,0.0,,,,2010,9.6,2.4
1165,,,,Jazz,,,0.0,,,,2010,9.6,2.4
1166,,,,Latin music,,,0.0,,,,2010,9.6,2.4
1167,,,,Polka,,,0.0,,,,2010,9.6,2.4
1168,0.110925208219,0.632424657534,0.748671232877,Pop music,0.0224297156164,-5.19035616438,0.760416666667,56.5068493151,117.246315068,0.579205479452,2010,9.6,2.4
1169,,,,Punk rock,,,0.0,,,,2010,9.6,2.4
1170,,,,Reggae,,,0.0,,,,2010,9.6,2.4
1171,0.00552,0.276,0.715,Rock music,0.000417,-5.356,0.0104166666667,71.0,137.028,0.167,2010,9.6,2.4
1172,,,,World music,,,0.0,,,,2010,9.6,2.4
1173,,,,Alternative rock,,,0.0,,,,2011,8.9,1.9
1174,,,,Blues music,,,0.0,,,,2011,8.9,1.9
1175,0.215334285714,0.575285714286,0.696357142857,Country music,0.000523530714286,-5.46542857143,0.142857142857,61.0,143.7505,0.5205,2011,8.9,1.9
1176,,,,Electronic music,,,0.0,,,,2011,8.9,1.9
1177,,,,Fusion music,,,0.0,,,,2011,8.9,1.9
1178,,,,Gospel music,,,0.0,,,,2011,8.9,1.9
1179,,,,Heavy metal,,,0.0,,,,2011,8.9,1.9
1180,0.0885822222222,0.576333333333,0.787333333333,Hip hop,2.01111111111e-07,-5.33211111111,0.0918367346939,60.6666666667,126.454666667,0.419722222222,2011,8.9,1.9
1181,0.0234,0.668,0.749,House music,0.000298,-6.695,0.0102040816327,19.0,127.113,0.122,2011,8.9,1.9
1182,,,,Jazz,,,0.0,,,,2011,8.9,1.9
1183,,,,Latin music,,,0.0,,,,2011,8.9,1.9
1184,,,,Polka,,,0.0,,,,2011,8.9,1.9
1185,0.108295849315,0.639726027397,0.755164383562,Pop music,0.0148495012329,-5.12864383562,0.755102040816,59.5068493151,123.653452055,0.560278082192,2011,8.9,1.9
1186,,,,Punk rock,,,0.0,,,,2011,8.9,1.9
1187,,,,Reggae,,,0.0,,,,2011,8.9,1.9
1188,,,,Rock music,,,0.0,,,,2011,8.9,1.9
1189,,,,World music,,,0.0,,,,2011,8.9,1.9
1190,0.4059,0.6705,0.6725,Alternative rock,1.03e-06,-6.844,0.020202020202,64.5,92.4665,0.636,2012,8.1,1.4
1191,,,,Blues music,,,0.0,,,,2012,8.1,1.4
1192,0.117939928571,0.570857142857,0.734428571429,Country music,0.00142177142857,-5.00578571429,0.141414141414,62.0,132.884071429,0.589,2012,8.1,1.4
1193,,,,Electronic music,,,0.0,,,,2012,8.1,1.4
1194,,,,Fusion music,,,0.0,,,,2012,8.1,1.4
1195,,,,Gospel music,,,0.0,,,,2012,8.1,1.4
1196,0.01895,0.6355,0.7605,Heavy metal,0.0,-4.937,0.020202020202,49.5,117.466,0.7015,2012,8.1,1.4
1197,0.06123,0.7065,0.6537,Hip hop,0.00013245,-6.0048,0.10101010101,60.9,115.3419,0.4683,2012,8.1,1.4
1198,,,,House music,,,0.0,,,,2012,8.1,1.4
1199,,,,Jazz,,,0.0,,,,2012,8.1,1.4
1200,,,,Latin music,,,0.0,,,,2012,8.1,1.4
1201,,,,Polka,,,0.0,,,,2012,8.1,1.4
1202,0.1229845,0.654385714286,0.737071428571,Pop music,0.00349992342857,-5.23232857143,0.707070707071,60.8,127.815857143,0.553757142857,2012,8.1,1.4
1203,,,,Punk rock,,,0.0,,,,2012,8.1,1.4
1204,,,,Reggae,,,0.0,,,,2012,8.1,1.4
1205,0.565,0.857,0.517,Rock music,0.000195,-6.972,0.010101010101,67.0,129.063,0.75,2012,8.1,1.4
1206,,,,World music,,,0.0,,,,2012,8.1,1.4
1207,0.2975,0.489,0.6375,Alternative rock,9e-05,-5.0885,0.020618556701,69.0,82.4775,0.289,2013,7.4,1.0
1208,,,,Blues music,,,0.0,,,,2013,7.4,1.0
1209,0.12653875,0.5505625,0.8036875,Country music,7.5375e-07,-4.6143125,0.164948453608,63.6875,143.797625,0.67725,2013,7.4,1.0
1210,,,,Electronic music,,,0.0,,,,2013,7.4,1.0
1211,0.0111,0.452,0.794,Fusion music,0.00182,-5.151,0.0103092783505,54.0,137.825,0.281,2013,7.4,1.0
1212,,,,Gospel music,,,0.0,,,,2013,7.4,1.0
1213,,,,Heavy metal,,,0.0,,,,2013,7.4,1.0
1214,0.174693294118,0.678352941176,0.660341176471,Hip hop,1.76370588235e-05,-6.59223529412,0.175257731959,58.7647058824,134.520764706,0.420552941176,2013,7.4,1.0
1215,0.0218225,0.62225,0.79825,House music,0.0012627675,-5.23175,0.0412371134021,65.25,124.0315,0.562,2013,7.4,1.0
1216,,,,Jazz,,,0.0,,,,2013,7.4,1.0
1217,,,,Latin music,,,0.0,,,,2013,7.4,1.0
1218,,,,Polka,,,0.0,,,,2013,7.4,1.0
1219,0.125362403509,0.674649122807,0.687315789474,Pop music,0.0155024747368,-5.68301754386,0.587628865979,61.350877193,120.273385965,0.535928070175,2013,7.4,1.0
1220,,,,Punk rock,,,0.0,,,,2013,7.4,1.0
1221,,,,Reggae,,,0.0,,,,2013,7.4,1.0
1222,,,,Rock music,,,0.0,,,,2013,7.4,1.0
1223,,,,World music,,,0.0,,,,2013,7.4,1.0
1224,0.1598,0.5262,0.7416,Alternative rock,0.0001158,-4.3238,0.0526315789474,68.6,104.6528,0.3676,2014,6.2,0.2
1225,,,,Blues music,,,0.0,,,,2014,6.2,0.2
1226,0.139529090909,0.564545454545,0.825363636364,Country music,9.20909090909e-06,-5.01181818182,0.115789473684,64.0909090909,147.910636364,0.631636363636,2014,6.2,0.2
1227,,,,Electronic music,,,0.0,,,,2014,6.2,0.2
1228,,,,Fusion music,,,0.0,,,,2014,6.2,0.2
1229,,,,Gospel music,,,0.0,,,,2014,6.2,0.2
1230,,,,Heavy metal,,,0.0,,,,2014,6.2,0.2
1231,0.05142075,0.72525,0.584375,Hip hop,2.46375e-06,-6.693125,0.0842105263158,58.875,115.179125,0.4575,2014,6.2,0.2
1232,0.05512,0.55,0.769,House music,0.000643733333333,-4.53433333333,0.0315789473684,63.3333333333,125.668333333,0.505666666667,2014,6.2,0.2
1233,0.018205,0.6005,0.819,Jazz,0.373,-6.8415,0.0210526315789,61.0,106.9415,0.27445,2014,6.2,0.2
1234,,,,Latin music,,,0.0,,,,2014,6.2,0.2
1235,,,,Polka,,,0.0,,,,2014,6.2,0.2
1236,0.150824969697,0.670681818182,0.683636363636,Pop music,0.00180662409091,-5.44854545455,0.694736842105,65.0757575758,119.649212121,0.542515151515,2014,6.2,0.2
1237,,,,Punk rock,,,0.0,,,,2014,6.2,0.2
1238,,,,Reggae,,,0.0,,,,2014,6.2,0.2
1239,,,,Rock music,,,0.0,,,,2014,6.2,0.2
1240,,,,World music,,,0.0,,,,2014,6.2,0.2
1241,0.431,0.484,0.731,Alternative rock,0.0,-6.694,0.0108695652174,73.0,101.654,0.5,2015,5.3,-0.3
1242,0.3375,0.499,0.7225,Blues music,2.105e-06,-4.6705,0.0217391304348,75.0,134.1885,0.299,2015,5.3,-0.3
1243,0.308725,0.60225,0.66225,Country music,0.0,-5.841,0.0434782608696,66.75,151.99475,0.609,2015,5.3,-0.3
1244,,,,Electronic music,,,0.0,,,,2015,5.3,-0.3
1245,0.00346,0.723,0.809,Fusion music,0.00123,-3.081,0.0108695652174,76.0,98.007,0.271,2015,5.3,-0.3
1246,,,,Gospel music,,,0.0,,,,2015,5.3,-0.3
1247,,,,Heavy metal,,,0.0,,,,2015,5.3,-0.3
1248,0.0991,0.756923076923,0.635692307692,Hip hop,1.04138461538e-05,-6.06184615385,0.141304347826,70.1538461538,118.218,0.443846153846,2015,5.3,-0.3
1249,,,,House music,,,0.0,,,,2015,5.3,-0.3
1250,,,,Jazz,,,0.0,,,,2015,5.3,-0.3
1251,,,,Latin music,,,0.0,,,,2015,5.3,-0.3
1252,,,,Polka,,,0.0,,,,2015,5.3,-0.3
1253,0.193334161765,0.663323529412,0.642573529412,Pop music,0.0298736408824,-6.36436764706,0.75,67.5588235294,123.471867647,0.528519117647,2015,5.3,-0.3
1254,,,,Punk rock,,,0.0,,,,2015,5.3,-0.3
1255,,,,Reggae,,,0.0,,,,2015,5.3,-0.3
1256,0.1281175,0.7385,0.6035,Rock music,0.0,-6.046,0.0217391304348,62.0,125.0155,0.645,2015,5.3,-0.3
1257,,,,World music,,,0.0,,,,2015,5.3,-0.3
